SampleID,Flouride,Chloride,Nitrite,Bromide,Nitrate,Phosphate,Sulfate,Well ,PumpTest_Creek,Date,Month,Day,Year,SampleNum,MeasurementDate
P1B1 04/16,0.5439,41.5695,n.a.,n.a.,12.2517,n.a.,33.5444,P1,B,04/16,04,16,2025,1,05/27/25
P1B2 04/16,0.4917,32.7794,2.514,n.a.,10.8651,n.a.,28.1994,P1,B,04/16,04,16,2025,2,05/27/25
P1B3 04/16,0.527,40.2672,n.a.,n.a.,12.787,n.a.,34.2688,P1,B,04/16,04,16,2025,3,05/27/25
P1A1 04/16,0.5518,37.4321,n.a.,n.a.,13.317,n.a.,30.4889,P1,A,04/16,04,16,2025,1,05/27/25
P1A2 04/16,0.5203,38.5315,n.a.,n.a.,13.6774,n.a.,31.177,P1,A,04/16,04,16,2025,2,05/27/25
P1A3 04/16,0.4818,36.5754,n.a.,n.a.,13.1817,n.a.,30.4344,P1,A,04/16,04,16,2025,3,05/27/25
P1B1 04/21,0.4989,28.1202,n.a.,1.5054,9.7807,n.a.,23.8286,P1,B,04/21,04,21,2025,1,05/27/25
P1B2 04/21,0.5051,37.9658,n.a.,n.a.,11.8293,n.a.,32.553,P1,B,04/21,04,21,2025,2,05/27/25
P1B3 04/21,0.5484,39.8546,n.a.,n.a.,11.9849,n.a.,33.1468,P1,B,04/21,04,21,2025,3,05/27/25
P1A1 04/21,0.4996,35.2723,n.a.,n.a.,12.4208,n.a.,29.6059,P1,A,04/21,04,21,2025,1,05/27/25
P1A2 04/21,0.4979,36.4861,n.a.,n.a.,12.3887,n.a.,29.501,P1,A,04/21,04,21,2025,2,05/27/25
P1A3 04/21,0.47,36.2783,n.a.,n.a.,12.581,n.a.,30.2838,P1,A,04/21,04,21,2025,3,05/27/25
P1B1 04/28,0.4505,35.0097,n.a.,n.a.,11.3591,n.a.,31.2435,P1,B,04/28,04,28,2025,1,05/27/25
P1B2 04/28,0.4765,36.6628,n.a.,n.a.,11.8397,n.a.,32.8119,P1,B,04/28,04,28,2025,2,05/27/25
P1B3 04/28,0.4928,37.0505,n.a.,n.a.,11.8411,n.a.,32.8488,P1,B,04/28,04,28,2025,3,05/27/25
P1A1 04/28,0.5251,34.7682,n.a.,n.a.,11.8946,n.a.,27.664,P1,A,04/28,04,28,2025,1,05/27/25
P1A2 04/28,0.5024,35.6931,n.a.,n.a.,12.5675,n.a.,28.6702,P1,A,04/28,04,28,2025,2,05/27/25
P1A3 04/28,0.4101,24.5516,n.a.,1.4164,9.6939,n.a.,20.6903,P1,A,04/28,04,28,2025,3,05/27/25
P1B1 05/12,0.4134,31.2174,n.a.,n.a.,9.4762,n.a.,29.6457,P1,B,05/12,05,12,2025,1,05/27/25
P1B2 05/12,0.4826,35.6368,n.a.,n.a.,10.6962,n.a.,34.1282,P1,B,05/12,05,12,2025,2,05/27/25
P1B3 05/12,0.4992,36.5699,n.a.,n.a.,10.8154,n.a.,35.0101,P1,B,05/12,05,12,2025,3,05/27/25
P1A1 05/12,0.5558,35.7297,n.a.,n.a.,12.1736,n.a.,30.5504,P1,A,05/12,05,12,2025,1,05/27/25
P1A2 05/12,0.5433,30.6226,n.a.,n.a.,9.4797,n.a.,21.3729,P1,A,05/12,05,12,2025,2,05/27/25
P2A3 05/12,0.466,34.8212,n.a.,n.a.,12.5073,n.a.,30.2311,P2,A,05/12,05,12,2025,3,05/27/25
P1A2 05/26,0.5696,32.6007,n.a.,n.a.,12.4847,n.a.,32.0415,P1,A,05/26,05,26,2025,2,05/28/25
P2A2 04/16,0.4016,12.5549,n.a.,1.3079,4.3621,n.a.,16.2536,P2,A,04/16,04,16,2025,2,05/28/25
P2A2 04/21,0.4625,15.4074,n.a.,1.2872,6.2402,n.a.,23.5103,P2,A,04/21,04,21,2025,2,05/28/25
P2A2 04/28,0.4359,9.1511,n.a.,n.a.,4.2444,n.a.,13.129,P2,A,04/28,04,28,2025,2,05/28/25
P2A2 05/26,0.6817,23.781,n.a.,n.a.,12.6039,n.a.,41.2577,P2,A,05/26,05,26,2025,2,05/28/25
P2B2 05/12,0.5017,23.6587,n.a.,n.a.,2.1209,n.a.,30.8132,P2,B,05/12,05,12,2025,2,05/28/25
P3B2 04/21,0.4311,14.7089,1.8573,n.a.,7.5166,n.a.,42.7533,P3,B,04/21,04,21,2025,2,05/28/25
P3A1 04/28,0.4957,16.8017,n.a.,n.a.,44.589,n.a.,50.3027,P3,A,04/28,04,28,2025,1,05/28/25
P3A2 05/12,0.517,17.2475,n.a.,n.a.,46.9257,n.a.,52.4214,P3,A,05/12,05,12,2025,2,05/28/25
P3A2 05/26,0.3862,4.3787,0.7789,1.2121,11.7765,n.a.,12.4079,P3,A,05/26,05,26,2025,2,05/28/25
P4B2 04/14,0.4209,31.3239,n.a.,n.a.,1.8954,n.a.,40.6378,P4,B,04/14,04,14,2025,2,05/28/25
P4A1 04/21,0.4604,32.1197,n.a.,n.a.,2.2362,n.a.,41.6089,P4,A,04/21,04,21,2025,1,05/28/25
P5B2 04/14,0.561,21.2886,n.a.,n.a.,3.8027,n.a.,51.1701,P5,B,04/14,04,14,2025,2,05/28/25
P5B2 04/21,0.5237,19.024,n.a.,n.a.,3.1974,n.a.,51.0708,P5,B,04/21,04,21,2025,2,05/28/25
P5B2 04/28,0.5431,18.8344,n.a.,n.a.,3.4167,n.a.,52.0514,P5,B,04/28,04,28,2025,2,05/28/25
P3C1 05/26,0.4811,30.7941,3.0545,n.a.,29.856,n.a.,37.1596,P3,C,05/26,05,26,2025,1,05/28/25
P1C1 05/26,0.4798,28.1178,2.6481,n.a.,28.3752,n.a.,36.2768,P1,C,05/26,05,26,2025,1,05/28/25
P5C1 05/26,0.4869,30.7152,2.9002,n.a.,27.9819,n.a.,35.2402,P5,C,05/26,05,26,2025,1,05/28/25
P2A2 05/26,0.6719,24.1421,n.a.,n.a.,12.7524,n.a.,41.7896,P2,A,05/26,05,26,2025,2,05/28/25
P2B2 05/12,0.4753,23.8053,n.a.,n.a.,1.0025,n.a.,30.9003,P2,B,05/12,05,12,2025,2,05/28/25
P4B2 04/14,0.4153,31.7927,n.a.,n.a.,1.0649,n.a.,41.3405,P4,B,04/14,04,14,2025,2,05/28/25
P4A1 04/21,0.465,31.8288,n.a.,n.a.,1.0847,n.a.,41.0652,P4,A,04/21,04,21,2025,1,05/28/25
P1C1 05/26,0.4803,28.1585,2.6359,n.a.,28.6072,n.a.,36.1285,P1,C,05/26,05,26,2025,1,05/28/25
P5C1 05/26,0.49,30.5353,2.9005,n.a.,27.8199,n.a.,34.8549,P5,C,05/26,05,26,2025,1,05/28/25
P1B1 04/16,0.4256,43.775,n.a.,n.a.,10.7395,n.a.,33.749,P1,B,04/16,04,16,2025,1,10/08/25
P1A1 04/16,0.4152,39.5807,n.a.,n.a.,11.5973,n.a.,30.3147,P1,A,04/16,04,16,2025,1,10/08/25
P1B1 04/21,0.4171,41.1377,n.a.,n.a.,10.6718,n.a.,33.1375,P1,B,04/21,04,21,2025,1,10/08/25
P1A1 04/21,n.a.,20.7717,n.a.,n.a.,10.9219,n.a.,19.2199,P1,A,04/21,04,21,2025,1,10/08/25
P1B1 04/28,n.a.,37.3869,n.a.,n.a.,10.3065,n.a.,32.0416,P1,B,04/28,04,28,2025,1,10/08/25
P1A1 04/28,n.a.,35.3347,n.a.,n.a.,10.31,n.a.,26.9757,P1,A,04/28,04,28,2025,1,10/08/25
P1B1 05/12,n.a.,32.6278,n.a.,n.a.,8.4406,n.a.,29.8156,P1,B,05/12,05,12,2025,1,10/08/25
P1A1 05/12,n.a.,37.3387,n.a.,n.a.,10.8188,n.a.,30.666,P1,A,05/12,05,12,2025,1,10/08/25
P1C1 06/02,n.a.,25.2853,n.a.,n.a.,12.144,n.a.,28.3914,P1,C,06/02,06,02,2025,1,10/08/25
P1B1 06/02,0.4186,35.8582,n.a.,n.a.,9.4447,n.a.,34.5261,P1,B,06/02,06,02,2025,1,10/08/25
P1B1 09/16,0.5014,22.3741,n.a.,n.a.,9.6814,n.a.,23.4492,P1,B,09/16,09,16,2025,1,10/08/25
P1A1 09/16,0.5838,30.5804,n.a.,n.a.,9.9968,n.a.,35.5301,P1,A,09/16,09,16,2025,1,10/08/25
P1C1 09/16,0.5178,27.8981,n.a.,n.a.,11.8036,n.a.,33.6897,P1,C,09/16,09,16,2025,1,10/08/25
P1B1 09/30,0.6292,33.0033,n.a.,n.a.,10.0249,n.a.,33.1818,P1,B,09/30,09,30,2025,1,10/08/25
P1A1 09/30,0.4376,29.4573,n.a.,n.a.,9.9402,n.a.,33.2505,P1,A,09/30,09,30,2025,1,10/08/25
P1C1 09/30,0.4951,26.4541,n.a.,n.a.,12.1853,n.a.,34.9848,P1,C,09/30,09,30,2025,1,10/08/25
P1B1 10/07,0.5785,34.4834,n.a.,n.a.,9.9592,n.a.,35.5794,P1,B,10/07,10,07,2025,1,10/08/25
P1A1 10/07,0.5543,19.8917,n.a.,n.a.,9.3896,n.a.,25.1839,P1,A,10/07,10,07,2025,1,10/08/25
P1C1 10/07,0.9126,25.702,n.a.,n.a.,9.549,n.a.,31.3862,P1,C,10/07,10,07,2025,1,10/08/25
P2B1 04/16,1.1058,13.3675,n.a.,n.a.,n.a.,n.a.,10.6006,P2,B,04/16,04,16,2025,1,10/09/25
P2A1 04/16,1.0197,17.3816,n.a.,n.a.,5.7111,n.a.,25.061,P2,A,04/16,04,16,2025,1,10/09/25
P2B1 04/21,1.0325,16.834,n.a.,n.a.,4.8872,n.a.,23.4429,P2,B,04/21,04,21,2025,1,10/09/25
P2A1 04/21,1.0372,19.6005,n.a.,n.a.,4.3813,n.a.,32.7723,P2,A,04/21,04,21,2025,1,10/09/25
P2B1 04/28,1.1416,19.8045,n.a.,n.a.,2.1173,n.a.,30.8064,P2,B,04/28,04,28,2025,1,10/09/25
P2A1 04/28,1.1143,19.6375,n.a.,n.a.,5.3428,n.a.,32.8022,P2,A,04/28,04,28,2025,1,10/09/25
P2B1 05/12,1.0131,17.8678,n.a.,n.a.,n.a.,n.a.,24.43,P2,B,05/12,05,12,2025,1,10/09/25
P2B1 05/26,0.9284,17.9428,n.a.,n.a.,n.a.,n.a.,23.493,P2,B,05/26,05,26,2025,1,10/09/25
P2A1 05/26,0.993,19.2729,n.a.,n.a.,6.7896,n.a.,34.2761,P2,A,05/26,05,26,2025,1,10/09/25
P2B1 06/02,0.397,22.6546,n.a.,n.a.,2.3432,n.a.,32.8159,P2,B,06/02,06,02,2025,1,10/09/25
P2B1 09/16,0.6769,20.4076,n.a.,n.a.,n.a.,n.a.,13.0642,P2,B,09/16,09,16,2025,1,10/09/25
P2A1 09/16,0.5431,19.7027,n.a.,n.a.,5.3777,n.a.,36.8037,P2,A,09/16,09,16,2025,1,10/09/25
P2B1 09/30,0.5626,19.2226,n.a.,n.a.,n.a.,n.a.,28.5342,P2,B,09/30,09,30,2025,1,10/09/25
P2A1 09/30,0.5101,19.3171,n.a.,n.a.,4.5799,n.a.,35.1288,P2,A,09/30,09,30,2025,1,10/09/25
P2B1 10/07,0.5538,19.821,n.a.,n.a.,n.a.,n.a.,32.6852,P2,B,10/07,10,07,2025,1,10/09/25
P2A1 10/07,0.5888,20.9737,n.a.,n.a.,4.5869,n.a.,40.363,P2,A,10/07,10,07,2025,1,10/09/25
P2B1 04/16,1.0594,13.555,n.a.,n.a.,n.a.,n.a.,10.2965,P2,B,04/16,04,16,2025,1,10/10/25
P2A1 04/16,0.9826,18.2615,n.a.,n.a.,5.6543,n.a.,24.484,P2,A,04/16,04,16,2025,1,10/10/25
P2B1 04/21,1.0307,18.7371,n.a.,n.a.,4.9719,n.a.,24.4381,P2,B,04/21,04,21,2025,1,10/10/25
P2A1 04/21,1.0061,20.8532,n.a.,n.a.,5.063,n.a.,32.5267,P2,A,04/21,04,21,2025,1,10/10/25
P2B1 04/28,1.0375,20.0929,n.a.,n.a.,n.a.,n.a.,29.0395,P2,B,04/28,04,28,2025,1,10/10/25
P2A1 04/28,1.0201,19.9618,n.a.,n.a.,5.1091,n.a.,31.05,P2,A,04/28,04,28,2025,1,10/10/25
P2B1 05/12,1.0108,19.0595,n.a.,n.a.,n.a.,n.a.,26.5168,P2,B,05/12,05,12,2025,1,10/10/25
P2B1 05/26,0.8835,18.954,n.a.,n.a.,n.a.,n.a.,23.1988,P2,B,05/26,05,26,2025,1,10/10/25
P2A1 05/26,0.9579,20.5032,n.a.,n.a.,8.4842,n.a.,34.2471,P2,A,05/26,05,26,2025,1,10/10/25
P2B1 06/02,0.3035,24.9954,n.a.,n.a.,2.3571,n.a.,33.551,P2,B,06/02,06,02,2025,1,10/10/25
P2B1 09/16,0.5666,20.083,n.a.,n.a.,n.a.,n.a.,12.1722,P2,B,09/16,09,16,2025,1,10/10/25
P2A1 09/16,n.a.,20.7671,n.a.,n.a.,6.184,n.a.,36.1022,P2,A,09/16,09,16,2025,1,10/10/25
P2B1 09/30,0.4606,20.4698,n.a.,n.a.,n.a.,n.a.,28.1159,P2,B,09/30,09,30,2025,1,10/10/25
P2A1 09/30,n.a.,20.8123,n.a.,n.a.,5.3133,n.a.,35.5495,P2,A,09/30,09,30,2025,1,10/10/25
P2B1 10/07,0.4136,21.0096,n.a.,n.a.,n.a.,n.a.,32.1876,P2,B,10/07,10,07,2025,1,10/10/25
P2A1 10/07,0.3394,21.0399,n.a.,n.a.,5.0311,n.a.,37.5671,P2,A,10/07,10,07,2025,1,10/10/25
P1B1 04/16,0.3138,44.4726,n.a.,n.a.,10.5945,n.a.,32.0748,P1,B,04/16,04,16,2025,1,10/10/25
P1A1 04/16,0.3037,40.6363,n.a.,n.a.,11.5451,n.a.,29.5889,P1,A,04/16,04,16,2025,1,10/10/25
P1B1 04/21,n.a.,41.7646,n.a.,n.a.,10.5845,n.a.,31.5751,P1,B,04/21,04,21,2025,1,10/10/25
P1A1 04/21,0.3018,38.1874,n.a.,n.a.,10.9892,n.a.,29.2004,P1,A,04/21,04,21,2025,1,10/10/25
P1B1 04/28,n.a.,38.2176,n.a.,n.a.,10.3178,n.a.,30.9665,P1,B,04/28,04,28,2025,1,10/10/25
P1A1 04/28,n.a.,37.095,n.a.,n.a.,10.5964,n.a.,26.7116,P1,A,04/28,04,28,2025,1,10/10/25
P1B1 05/12,n.a.,32.884,n.a.,n.a.,8.5384,n.a.,28.3875,P1,B,05/12,05,12,2025,1,10/10/25
P1A1 05/12,n.a.,37.4778,n.a.,n.a.,10.6279,n.a.,29.0264,P1,A,05/12,05,12,2025,1,10/10/25
P1C1 06/02,0.3047,27.9344,n.a.,n.a.,12.7679,n.a.,32.3905,P1,C,06/02,06,02,2025,1,10/10/25
P1B1 06/02,0.3081,37.1675,n.a.,n.a.,9.6716,n.a.,33.8413,P1,B,06/02,06,02,2025,1,10/10/25
P1B1 09/16,n.a.,30.9598,n.a.,n.a.,12.6417,n.a.,30.9422,P1,B,09/16,09,16,2025,1,10/10/25
P1A1 09/16,n.a.,28.6408,n.a.,n.a.,11.6148,n.a.,31.5073,P1,A,09/16,09,16,2025,1,10/10/25
P1C1 09/16,n.a.,27.2077,n.a.,n.a.,11.0107,n.a.,31.7111,P1,C,09/16,09,16,2025,1,10/10/25
P1B1 09/30,n.a.,33.5951,n.a.,n.a.,12.9502,n.a.,32.2767,P1,B,09/30,09,30,2025,1,10/10/25
P1A1 09/30,n.a.,29.3566,n.a.,n.a.,12.2979,n.a.,31.4264,P1,A,09/30,09,30,2025,1,10/10/25
P1C1 09/30,n.a.,25.5858,n.a.,n.a.,11.4694,n.a.,32.6727,P1,C,09/30,09,30,2025,1,10/10/25
P1B1 10/07,n.a.,33.4052,n.a.,n.a.,13.9106,n.a.,32.5526,P1,B,10/07,10,07,2025,1,10/10/25
P1A1 10/07,n.a.,25.8932,n.a.,n.a.,11.4545,n.a.,30.2522,P1,A,10/07,10,07,2025,1,10/10/25
P1C1 10/07,0.6572,25.9108,n.a.,n.a.,9.4547,n.a.,30.2326,P1,C,10/07,10,07,2025,1,10/10/25
P2B1 04/16,1.0944,12.9074,n.a.,2.7335,n.a.,n.a.,11.0084,P2,B,04/16,04,16,2025,1,11/12/25
P2A1 04/16,0.3664,17.8639,n.a.,2.561,4.5819,n.a.,25.6842,P2,A,04/16,04,16,2025,1,11/12/25
P2B1 04/21,n.a.,17.582,n.a.,2.5768,4.1431,n.a.,24.567,P2,B,04/21,04,21,2025,1,11/12/25
P2A1 04/21,0.5409,20.4544,n.a.,n.a.,4.6065,n.a.,33.4096,P2,A,04/21,04,21,2025,1,11/12/25
P2B1 04/28,0.6364,18.6429,n.a.,n.a.,n.a.,n.a.,28.7215,P2,B,04/28,04,28,2025,1,11/12/25
P2A1 04/28,0.379,19.1054,n.a.,2.5522,4.6793,n.a.,31.2164,P2,A,04/28,04,28,2025,1,11/12/25
P2B1 05/12,0.3864,17.8923,n.a.,2.7057,n.a.,n.a.,26.2579,P2,B,05/12,05,12,2025,1,11/12/25
P2B1 05/26,0.3939,17.8327,n.a.,2.8747,n.a.,n.a.,23.8121,P2,B,05/26,05,26,2025,1,11/12/25
P2A1 05/26,0.3796,20.1778,n.a.,n.a.,7.2068,n.a.,35.4246,P2,A,05/26,05,26,2025,1,11/12/25
P2B1 06/02,0.3827,24.0528,n.a.,n.a.,2.3178,n.a.,33.5196,P2,B,06/02,06,02,2025,1,11/12/25
P2B1 09/16,0.4467,20.927,n.a.,2.7446,n.a.,n.a.,13.6481,P2,B,09/16,09,16,2025,1,11/12/25
P2A1 09/16,0.3873,20.2222,n.a.,n.a.,5.141,n.a.,36.7475,P2,A,09/16,09,16,2025,1,11/12/25
P2B1 09/30,0.3972,19.6541,n.a.,2.9029,n.a.,n.a.,28.7255,P2,B,09/30,09,30,2025,1,11/12/25
P2A1 09/30,0.3602,19.9306,n.a.,2.5808,4.1441,n.a.,35.7078,P2,A,09/30,09,30,2025,1,11/12/25
P2B1 10/07,0.3631,20.3422,n.a.,2.9691,n.a.,n.a.,33.1091,P2,B,10/07,10,07,2025,1,11/12/25
P2A1 10/07,0.3681,20.9008,n.a.,2.5472,5.0514,n.a.,39.4017,P2,A,10/07,10,07,2025,1,11/12/25
P1B1 04/16,0.3675,43.9656,n.a.,n.a.,7.7371,n.a.,33.1788,P1,B,04/16,04,16,2025,1,11/12/25
P1A1 04/16,0.3718,41.9412,n.a.,n.a.,9.3307,n.a.,32.125,P1,A,04/16,04,16,2025,1,11/12/25
P1B1 04/21,0.3622,41.4285,n.a.,n.a.,11.1314,n.a.,32.7132,P1,B,04/21,04,21,2025,1,11/12/25
P1A1 04/21,0.3655,36.3382,n.a.,2.5677,10.9645,n.a.,28.8118,P1,A,04/21,04,21,2025,1,11/12/25
P1B1 04/28,0.3664,36.0461,n.a.,n.a.,7.6322,n.a.,30.8682,P1,B,04/28,04,28,2025,1,11/12/25
P1A1 04/28,0.3657,36.8104,n.a.,n.a.,7.3412,n.a.,27.5699,P1,A,04/28,04,28,2025,1,11/12/25
P1B1 05/12,0.3593,32.106,n.a.,n.a.,6.5214,n.a.,29.255,P1,B,05/12,05,12,2025,1,11/12/25
P1A1 05/12,0.3597,36.8767,n.a.,n.a.,11.1602,n.a.,29.5148,P1,A,05/12,05,12,2025,1,11/12/25
P1C1 06/02,0.3744,27.0506,n.a.,2.5548,12.885,n.a.,32.7596,P1,C,06/02,06,02,2025,1,11/12/25
P1B1 06/02,0.3584,35.2896,n.a.,n.a.,6.7193,n.a.,33.5715,P1,B,06/02,06,02,2025,1,11/12/25
P1B1 09/16,0.3764,32.2708,n.a.,n.a.,13.9229,n.a.,33.6207,P1,B,09/16,09,16,2025,1,11/12/25
P1A1 09/16,0.3863,27.4095,n.a.,n.a.,9.2168,n.a.,31.4239,P1,A,09/16,09,16,2025,1,11/12/25
P1C1 09/16,0.3625,26.503,1.9176,2.6138,11.3621,n.a.,33.3329,P1,C,09/16,09,16,2025,1,11/12/25
P1B1 09/30,0.3613,33.5205,n.a.,n.a.,9.2763,n.a.,33.6899,P1,B,09/30,09,30,2025,1,11/12/25
P1A1 09/30,0.3628,29.431,n.a.,n.a.,9.451,n.a.,32.9835,P1,A,09/30,09,30,2025,1,11/12/25
P1C1 09/30,0.3602,24.8371,n.a.,2.5627,11.5588,n.a.,32.808,P1,C,09/30,09,30,2025,1,11/12/25
P1B1 10/07,0.3649,32.146,n.a.,n.a.,9.125,n.a.,32.471,P1,B,10/07,10,07,2025,1,11/12/25
P1A1 10/07,n.a.,n.a.,0.312,n.a.,2.3043,n.a.,3.1938,P1,A,10/07,10,07,2025,1,11/12/25
P1C1 10/07,0.3645,16.2241,n.a.,2.5229,7.213,n.a.,21.9118,P1,C,10/07,10,07,2025,1,11/12/25
P1B1 04/16,0.0269,39.3478,0.2912,1.8285,11.6854,n.a.,34.6305,P1,B,04/16,04,16,2025,1,11/19/25
P1A1 04/16,0.0258,22.7105,n.a.,1.8521,8.8172,n.a.,19.8598,P1,A,04/16,04,16,2025,1,11/19/25
P1B1 04/21,0.0184,37.9424,0.4029,1.8177,12.013,n.a.,35.2339,P1,B,04/21,04,21,2025,1,11/19/25
P1A1 04/21,0.0364,36.1807,n.a.,1.7938,12.6779,n.a.,33.2149,P1,A,04/21,04,21,2025,1,11/19/25
P1B1 04/28,0.1016,36.92,n.a.,1.8178,12.4402,n.a.,36.0173,P1,B,04/28,04,28,2025,1,11/19/25
P1A1 04/28,0.052,38.1844,n.a.,1.806,13.4166,n.a.,32.8912,P1,A,04/28,04,28,2025,1,11/19/25
P1B1 05/12,0.0962,32.52,n.a.,1.8134,10.1262,n.a.,33.8826,P1,B,05/12,05,12,2025,1,11/19/25
P1A1 05/12,0.0226,40.5339,n.a.,1.81,14.0761,n.a.,36.8898,P1,A,05/12,05,12,2025,1,11/19/25
P1C1 06/02,0.1438,28.7651,0.3334,1.8208,16.2775,n.a.,40.4902,P1,C,06/02,06,02,2025,1,11/19/25
P1B1 06/02,0.0993,37.574,0.3129,1.8557,11.5321,n.a.,41.6563,P1,B,06/02,06,02,2025,1,11/19/25
P1C1 09/16,0.0458,28.0735,0.7864,n.a.,13.4891,n.a.,39.3253,P1,C,09/16,09,16,2025,1,11/19/25
P1B1 09/16,0.0139,33.4146,n.a.,1.7965,17.0376,n.a.,39.3176,P1,B,09/16,09,16,2025,1,11/19/25
P1A1 09/16,0.2125,30.8909,n.a.,n.a.,15.4144,n.a.,40.6502,P1,A,09/16,09,16,2025,1,11/19/25
P1C1 09/30,0.0461,26.3448,0.2524,1.7943,14.2873,n.a.,40.2363,P1,C,09/30,09,30,2025,1,11/19/25
P1B1 09/30,0.076,36.2042,n.a.,1.8313,17.0516,n.a.,41.4424,P1,B,09/30,09,30,2025,1,11/19/25
P1A1 09/30,0.0738,31.745,n.a.,1.8141,16.2724,n.a.,40.7255,P1,A,09/30,09,30,2025,1,11/19/25
P1C1 10/07,0.0852,25.3265,n.a.,1.8392,11.3544,n.a.,35.9894,P1,C,10/07,10,07,2025,1,11/19/25
P1B1 10/07,0.0028,34.3627,n.a.,1.7832,17.8977,n.a.,40.3494,P1,B,10/07,10,07,2025,1,11/19/25
P1A1 10/07,n.a.,26.4282,n.a.,1.7567,14.5558,n.a.,36.8804,P1,A,10/07,10,07,2025,1,11/19/25
P1C1 10/07,0.0743,17.5165,n.a.,1.807,8.3651,n.a.,24.5255,P1,C,10/07,10,07,2025,1,11/19/25
P1B1 10/14,0.2219,37.3387,0.7533,n.a.,16.5412,n.a.,39.8459,P1,B,10/14,10,14,2025,1,11/19/25
P1A1 10/14,0.1883,33.1275,n.a.,1.8069,16.0383,n.a.,37.3733,P1,A,10/14,10,14,2025,1,11/19/25
P1C1 10/28,0.2291,25.1958,n.a.,1.8412,16.3017,n.a.,39.5955,P1,C,10/28,10,28,2025,1,11/19/25
P1B1 10/28 ?,0.1575,19.9191,n.a.,1.7448,2.382,n.a.,41.5792,P1,B,10/28,10,28,2025,1,11/19/25
P1A1 10/28,0.1749,34.3149,n.a.,1.8157,16.2578,n.a.,38.4074,P1,A,10/28,10,28,2025,1,11/19/25
P1C1 11/04,0.1856,26.7535,n.a.,1.7988,16.5956,n.a.,41.3731,P1,C,11/04,11,04,2025,1,11/19/25
P1B1 11/04,0.1931,45.509,n.a.,1.8696,17.7202,n.a.,13.2649,P1,B,11/04,11,04,2025,1,11/19/25
P1A1 11/04,0.0913,25.5888,n.a.,n.a.,12.7687,n.a.,31.1542,P1,A,11/04,11,04,2025,1,11/19/25
P1C1 11/11,0.0334,16.5286,n.a.,1.7622,13.546,n.a.,28.3672,P1,C,11/11,11,11,2025,1,11/19/25
P1B1 11/11,0.157,34.8161,n.a.,n.a.,13.6769,n.a.,34.039,P1,B,11/11,11,11,2025,1,11/19/25
P1A1 11/11,0.0773,27.9604,n.a.,1.7868,12.8898,n.a.,32.196,P1,A,11/11,11,11,2025,1,11/19/25
P1C1 11/18,0.1389,17.3386,n.a.,1.7831,13.123,n.a.,27.8283,P1,C,11/18,11,18,2025,1,11/19/25
P1B1 11/18,0.2281,38.0199,n.a.,1.8304,14.6062,n.a.,37.6441,P1,B,11/18,11,18,2025,1,11/19/25
P1A1 11/18,0.1441,24.9435,n.a.,1.8418,11.1631,n.a.,27.3507,P1,A,11/18,11,18,2025,1,11/19/25
P1B1 04/16,0.2368,41.2378,1.2273,1.2222,11.4409,n.a.,35.3386,P1,B,04/16,04,16,2025,1,02/26/26
P1A1 04/16,0.2331,37.7758,1.135,1.2015,13.0956,n.a.,32.3035,P1,A,04/16,04,16,2025,1,02/26/26
P1B1 04/21,0.2465,42.1098,1.4792,1.2172,12.2685,n.a.,37.8454,P1,B,04/21,04,21,2025,1,02/26/26
P1A1 04/21,0.2512,36.1728,n.a.,1.1533,11.7407,n.a.,31.8485,P1,A,04/21,04,21,2025,1,02/26/26
P1B1 04/28,0.2281,36.0155,n.a.,1.1657,11.6103,n.a.,34.1074,P1,B,04/28,04,28,2025,1,02/26/26
P1A1 04/28,0.2353,36.31,n.a.,1.1813,12.3088,n.a.,30.4003,P1,A,04/28,04,28,2025,1,02/26/26
P1B1 05/12,0.2276,32.6553,1.0355,1.1919,9.2042,n.a.,9.9648,P1,B,05/12,05,12,2025,1,02/26/26
P1A1 05/12,0.2466,39.1947,1.2311,1.2065,12.9498,n.a.,35.7904,P1,A,05/12,05,12,2025,1,02/26/26
P1C1 06/02,0.315,27.413,n.a.,1.2016,14.6945,n.a.,37.0986,P1,C,06/02,06,02,2025,1,02/26/26
P1B1 06/02,0.2384,37.204,n.a.,1.17,10.5819,n.a.,39.7582,P1,B,06/02,06,02,2025,1,02/26/26
P1C1 09/16,0.2739,26.6,1.4977,1.1992,11.3256,n.a.,36.1519,P1,C,09/16,09,16,2025,1,02/26/26
P1B1 09/16,0.2319,33.4476,n.a.,n.a.,16.0182,n.a.,38.4039,P1,B,09/16,09,16,2025,1,02/26/26
P1A1 09/16,0.2468,28.9185,n.a.,1.1512,13.6042,n.a.,37.1031,P1,A,09/16,09,16,2025,1,02/26/26
P1C1 09/30,0.2492,25.6171,1.5166,1.1692,12.3655,n.a.,38.2428,P1,C,09/30,09,30,2025,1,02/26/26
P1B1 09/30,0.237,34.4699,n.a.,1.1531,15.2512,n.a.,38.4544,P1,B,09/30,09,30,2025,1,02/26/26
P1A1 09/30,0.2305,29.6408,n.a.,n.a.,14.1924,n.a.,36.7589,P1,A,09/30,09,30,2025,1,02/26/26
P1C1 10/07,0.2666,26.6565,n.a.,1.1658,11.0734,n.a.,36.0038,P1,C,10/07,10,07,2025,1,02/26/26
P1B1 10/07,0.2266,33.7024,n.a.,1.1755,16.5744,n.a.,38.2975,P1,B,10/07,10,07,2025,1,02/26/26
P1A1 10/07,0.2465,28.2361,n.a.,1.1538,14.6389,n.a.,37.9767,P1,A,10/07,10,07,2025,1,02/26/26
P1C1 10/07 2NDVIAL,0.2657,26.5741,1.0226,1.1511,9.9993,n.a.,35.9902,P1,C,10/07,10,07,2025,1,02/26/26
P1B1 10/14,0.2261,39.0507,n.a.,1.1878,17.2969,n.a.,39.8565,P1,B,10/14,10,14,2025,1,02/26/26
P1A1 10/14,0.2257,36.8231,n.a.,n.a.,16.2738,n.a.,39.5251,P1,A,10/14,10,14,2025,1,02/26/26
P1C1 10/28,0.271,26.3838,0.963,1.1777,15.316,n.a.,40.1163,P1,C,10/28,10,28,2025,1,02/26/26
P1B1 10/28 ?,0.2334,20.054,n.a.,1.2404,n.a.,n.a.,40.2198,P1,B,10/28,10,28,2025,1,02/26/26
P1A1 10/28,0.229,34.3132,n.a.,1.1516,15.0023,n.a.,36.9275,P1,A,10/28,10,28,2025,1,02/26/26
P1C1 11/04,0.2746,27.3292,n.a.,n.a.,15.4216,n.a.,40.5677,P1,C,11/04,11,04,2025,1,02/26/26
P1B1 11/04,n.a.,43.5461,n.a.,1.1659,15.6794,n.a.,40.9511,P1,B,11/04,11,04,2025,1,02/26/26
P1A1 11/04,0.2327,34.3776,n.a.,n.a.,16.0401,n.a.,38.7534,P1,A,11/04,11,04,2025,1,02/26/26
P1C1 11/11,0.2625,26.3365,n.a.,1.1785,19.3997,n.a.,40.6922,P1,C,11/11,11,11,2025,1,02/26/26
P1B1 11/11,0.2283,43.6802,n.a.,1.1801,16.1166,n.a.,41.346,P1,B,11/11,11,11,2025,1,02/26/26
P1A1 11/11,0.2522,41.7943,n.a.,1.1869,17.5129,n.a.,44.1395,P1,A,11/11,11,11,2025,1,02/26/26
P1C1 11/18,0.3272,23.3718,n.a.,n.a.,16.5519,n.a.,34.4032,P1,C,11/18,11,18,2025,1,02/26/26
P1B1 11/18,n.a.,44.4134,n.a.,1.2058,15.8699,n.a.,41.8602,P1,B,11/18,11,18,2025,1,02/26/26
P1A1 11/18,0.2343,44.9136,n.a.,1.1658,17.7607,n.a.,43.5907,P1,A,11/18,11,18,2025,1,02/26/26
P3C1 06/02/25,0.3367,28.7085,n.a.,0.9186,15.2409,n.a.,32.5369,P3,C,06/02,06,02,2025,1,03/04/26
P2B1 10/07/25,0.3396,19.7467,n.a.,0.7141,n.a.,n.a.,33.7322,P2,B,10/07,10,07,2025,1,03/04/26
P3A1 09/30/25,0.4233,14.0141,n.a.,0.7633,50.3429,n.a.,56.803,P3,A,09/30,09,30,2025,1,03/04/26
P3A2 05/12/25,0.3246,13.8785,n.a.,0.7284,47.9938,n.a.,48.4328,P3,A,05/12,05,12,2025,2,03/04/26
P3A1 10/07/25,0.3534,14.1599,n.a.,0.6716,14.0368,n.a.,60.2238,P3,A,10/07,10,07,2025,1,03/04/26
P1B2 04/28/25,0.4104,35.8177,n.a.,0.7607,11.6605,n.a.,32.7758,P1,B,04/28,04,28,2025,2,03/04/26
P1A3 05/12/25,0.6001,34.0728,n.a.,0.7485,12.2351,n.a.,29.9443,P1,A,05/12,05,12,2025,3,03/04/26
P1B3 04/16/25,0.3461,37.5715,n.a.,0.6849,11.503,n.a.,32.5234,P1,B,04/16,04,16,2025,3,03/04/26
P2B1 07/30/25,0.3212,19.206,n.a.,0.8624,n.a.,n.a.,28.975,P2,B,07/30,07,30,2025,1,03/04/26
P2A1 09/30/25,0.3508,19.4455,n.a.,0.6744,4.7631,n.a.,36.3789,P2,A,09/30,09,30,2025,1,03/04/26
P3C1 09/16/25,0.3201,26.7419,n.a.,0.7308,11.8979,n.a.,32.1105,P3,C,09/16,09,16,2025,1,03/04/26
P3B1 05/12/25,0.3494,13.5207,n.a.,0.7328,44.3478,n.a.,47.2155,P3,B,05/12,05,12,2025,1,03/04/26
P3B1 10/07/25,0.3495,14.4942,n.a.,0.6852,49.7874,n.a.,64.7282,P3,B,10/07,10,07,2025,1,03/04/26
P1A2 04/28/25,0.3453,34.3123,n.a.,0.7011,12.2896,n.a.,29.0834,P1,A,04/28,04,28,2025,2,03/04/26
P1A3 04/28/25,0.5624,34.4134,n.a.,0.7868,12.3347,n.a.,29.2297,P1,A,04/28,04,28,2025,3,03/04/26
P1C1 09/16/25,0.3211,25.3299,0.4181,0.7535,12.7512,n.a.,32.2968,P1,C,09/16,09,16,2025,1,03/04/26
P2A1 10/07/25,0.364,20.1435,n.a.,0.6727,5.9732,n.a.,39.9158,P2,A,10/07,10,07,2025,1,03/04/26
P3B1 09/16/25,0.3784,13.9285,n.a.,0.7303,40.3713,n.a.,52.0636,P3,B,09/16,09,16,2025,1,03/04/26
P3B1 09/30/25,0.3908,13.9651,n.a.,0.7262,48.8826,n.a.,65.3112,P3,B,09/30,09,30,2025,1,03/04/26
P3C1 09/30/25,0.2819,25.9302,n.a.,0.733,13.7185,n.a.,33.6784,P3,C,09/30,09,30,2025,1,03/04/26
P3A2 04/12/25,0.3457,13.2254,n.a.,0.7192,43.1905,n.a.,67.6225,P3,A,04/12,04,12,2025,2,03/04/26
P1B3 04/21/25,0.3636,38.1521,n.a.,0.7026,11.8556,n.a.,33.2959,P1,B,04/21,04,21,2025,3,03/04/26
P1A2 05/12/25,0.2575,30.4238,n.a.,0.7214,10.0627,n.a.,21.3768,P1,A,05/12,05,12,2025,2,03/04/26
P1B2 05/12/25,0.5584,34.8284,n.a.,0.8479,10.4044,n.a.,34.7377,P1,B,05/12,05,12,2025,2,03/04/26
P2B1 09/16/25,0.3419,19.0335,n.a.,1.0557,n.a.,n.a.,12.0519,P2,B,09/16,09,16,2025,1,03/04/26
P3B1 06/02/25,0.345,15.7916,0.817,0.7253,47.2143,n.a.,49.4641,P3,B,06/02,06,02,2025,1,03/04/26
P3A2 05/26/25,0.3259,13.5254,n.a.,0.7206,46.9193,n.a.,48.1651,P3,A,05/26,05,26,2025,2,03/04/26
P3A1 04/28/25,0.332,13.2953,n.a.,0.7742,44.934,n.a.,45.8251,P3,A,04/28,04,28,2025,1,03/04/26
P3B1 04/12/25,0.2646,12.1814,n.a.,0.6948,6.7048,n.a.,39.5656,P3,B,04/12,04,12,2025,1,03/04/26
P1B3 04/28/25,0.4974,36.6648,n.a.,0.7626,11.7773,n.a.,33.3259,P1,B,04/28,04,28,2025,3,03/04/26
P1A3 04/21/25,0.4548,35.127,n.a.,n.a.,12.24,n.a.,30.4932,P1,A,04/21,04,21,2025,3,03/04/26
P1B3 05/12/25,0.5342,35.4428,n.a.,0.7527,10.286,n.a.,34.7262,P1,B,05/12,05,12,2025,3,03/04/26
P2A1 09/16/25,0.3907,19.9797,n.a.,0.7452,6.0927,n.a.,38.1175,P2,A,09/16,09,16,2025,1,03/04/26
P3A1 09/16/25,0.3889,14.6555,n.a.,0.7203,52.6598,n.a.,54.0947,P3,A,09/16,09,16,2025,1,03/04/26
P3B3 05/26/25,0.3404,13.5863,0.9433,0.7602,47.417,n.a.,49.7714,P3,B,05/26,05,26,2025,3,03/04/26
P3B2 04/28/25,0.334,13.4979,n.a.,0.7303,40.0515,n.a.,48.7264,P3,B,04/28,04,28,2025,2,03/04/26
P1A2 04/16/25,0.4015,35.5261,n.a.,0.776,12.2359,n.a.,29.3501,P1,A,04/16,04,16,2025,2,03/04/26
P1B2 04/21/25,0.5339,37.2132,n.a.,0.7806,11.5572,n.a.,32.7751,P1,B,04/21,04,21,2025,2,03/04/26
P1A3 04/16/25,0.5471,35.5552,n.a.,0.7463,12.3061,n.a.,29.5779,P1,A,04/16,04,16,2025,3,03/04/26
P1A2 04/21/25,0.3386,35.604,n.a.,0.6979,12.1037,n.a.,30.1815,P1,A,04/21,04,21,2025,2,03/04/26
P3C1 06/02/25,0.3428,28.6492,n.a.,1.856,14.4755,n.a.,32.2171,P3,C,06/02,06,02,2025,1,03/05/26
P2B1 10/7/25,0.4062,19.5215,n.a.,1.8919,1.5726,n.a.,33.6862,P2,B,10/7/,10,7/,2025,1,03/05/26
P3A1 09/30/25,0.3681,13.6236,n.a.,1.7805,48.6051,n.a.,57.1119,P3,A,09/30,09,30,2025,1,03/05/26
P3A2 05/12/25,0.3139,13.4306,n.a.,1.8181,45.8995,n.a.,48.3828,P3,A,05/12,05,12,2025,2,03/05/26
P3A1 10/07/25,0.3465,13.8656,n.a.,1.7633,49.8199,n.a.,60.2982,P3,A,10/07,10,07,2025,1,03/05/26
P1B2 04/28/25,0.3452,36.3449,n.a.,1.7912,11.1994,n.a.,32.6858,P1,B,04/28,04,28,2025,2,03/05/26
P1A3 05/12/25,0.6227,35.117,n.a.,1.8129,11.9822,n.a.,30.2961,P1,A,05/12,05,12,2025,3,03/05/26
P1B3 04/16/25,0.3778,39.0771,n.a.,1.8292,11.4153,n.a.,32.8824,P1,B,04/16,04,16,2025,3,03/05/26
P2B1 07/30/25,0.3171,18.9893,n.a.,1.7866,n.a.,n.a.,29.4491,P2,B,07/30,07,30,2025,1,03/05/26
P2A1 09/30/25,0.3468,19.3085,n.a.,1.7719,5.1722,n.a.,37.2076,P2,A,09/30,09,30,2025,1,03/05/26
P3C1 09/16/25,0.3222,26.1571,0.4171,1.8188,11.3792,n.a.,31.5919,P3,C,09/16,09,16,2025,1,03/05/26
P3B1 05/12/25,0.33,13.0926,n.a.,1.7955,42.651,n.a.,47.2678,P3,B,05/12,05,12,2025,1,03/05/26
P3B1 10/07/25,0.3826,14.1283,n.a.,1.7999,47.6454,n.a.,64.4234,P3,B,10/07,10,07,2025,1,03/05/26
P1A2 04/28/25,0.3575,35.2799,n.a.,1.8005,12.009,n.a.,29.3588,P1,A,04/28,04,28,2025,2,03/05/26
P1A3 04/28/25,0.4148,35.0762,n.a.,n.a.,11.8335,n.a.,29.58,P1,A,04/28,04,28,2025,3,03/05/26
P1C1 09/16/25,0.3141,25.265,n.a.,1.8142,12.299,n.a.,32.3821,P1,C,09/16,09,16,2025,1,03/05/26
P2A1 10/07/25,0.4148,19.9926,n.a.,1.8299,6.2939,n.a.,40.1049,P2,A,10/07,10,07,2025,1,03/05/26
P3B1 09/16/25,0.3283,13.4665,n.a.,1.7636,38.532,n.a.,52.1561,P3,B,09/16,09,16,2025,1,03/05/26
P3B1 09/30/25,0.3868,13.6941,n.a.,1.8158,47.1311,n.a.,65.5256,P3,B,09/30,09,30,2025,1,03/05/26
P3C1 09/30/25,0.2849,26.1055,n.a.,1.8077,13.5018,n.a.,34.294,P3,C,09/30,09,30,2025,1,03/05/26
P3A2 04/12/25,0.3428,13.0036,n.a.,n.a.,42.1236,n.a.,69.1931,P3,A,04/12,04,12,2025,2,03/05/26
P1B3 04/21/25,0.3578,40.022,n.a.,1.7752,11.3475,n.a.,33.2737,P1,B,04/21,04,21,2025,3,03/05/26
P1A2 05/12/25,0.246,30.8969,n.a.,1.8171,9.9792,n.a.,21.724,P1,A,05/12,05,12,2025,2,03/05/26
P1B2 05/12/25,0.4687,35.6235,n.a.,1.8382,10.087,n.a.,34.7698,P1,B,05/12,05,12,2025,2,03/05/26
P2B1 09/16/25,0.2872,18.8103,n.a.,1.8606,n.a.,n.a.,12.4001,P2,B,09/16,09,16,2025,1,03/05/26
P3B1 06/02/25,0.3464,15.3098,0.8679,1.8149,44.9492,n.a.,49.1356,P3,B,06/02,06,02,2025,1,03/05/26
P3A2 05/26/25,0.3171,13.2595,n.a.,1.7655,45.4913,n.a.,49.0915,P3,A,05/26,05,26,2025,2,03/05/26
P3A1 04/28/25,0.2949,12.8266,n.a.,1.7732,43.2062,n.a.,45.9489,P3,A,04/28,04,28,2025,1,03/05/26
P3B1 04/12/25,0.2585,11.914,n.a.,1.7845,6.8515,n.a.,39.7076,P3,B,04/12,04,12,2025,1,03/05/26
P1B3 04/28/25,0.5598,38.4979,n.a.,1.8432,11.7223,n.a.,34.062,P1,B,04/28,04,28,2025,3,03/05/26
P1A3 04/21/25,0.4732,35.7587,n.a.,1.8407,11.8881,n.a.,30.4864,P1,A,04/21,04,21,2025,3,03/05/26
P1B3 05/12/25,0.5548,36.4708,n.a.,1.8435,10.1623,n.a.,34.8575,P1,B,05/12,05,12,2025,3,03/05/26
P2A1 09/16/25,0.3807,19.6695,n.a.,1.8187,6.3358,n.a.,38.338,P2,A,09/16,09,16,2025,1,03/05/26
P3A1 09/16/25,0.3694,13.9195,n.a.,1.7989,49.1993,n.a.,51.895,P3,A,09/16,09,16,2025,1,03/05/26
P3B3 05/26/25,0.329,13.1837,0.9222,1.814,45.4688,n.a.,49.962,P3,B,05/26,05,26,2025,3,03/05/26
P3B2 04/28/25,0.3194,13.0159,n.a.,1.7927,37.9322,n.a.,48.1927,P3,B,04/28,04,28,2025,2,03/05/26
P1A2 04/16/25,0.3371,36.3869,n.a.,1.7882,11.7447,n.a.,29.355,P1,A,04/16,04,16,2025,2,03/05/26
P1B2 04/21/25,0.5336,38.372,0.9442,1.8565,11.3309,n.a.,33.1291,P1,B,04/21,04,21,2025,2,03/05/26
P1A3 04/16/25,0.5797,36.7489,n.a.,1.8503,12.075,n.a.,29.8897,P1,A,04/16,04,16,2025,3,03/05/26
P1A2 04/21/25,0.3445,36.9002,n.a.,1.7786,11.8789,n.a.,30.6583,P1,A,04/21,04,21,2025,2,03/05/26
P2B1 04/16/25,0.7575,12.7082,n.a.,1.4551,n.a.,1.7426,10.2963,P2,B,04/16,04,16,2025,1,03/09/26
P2A1 04/16/25,0.3274,17.0807,n.a.,1.4225,5.0865,2.4715,25.6682,P2,A,04/16,04,16,2025,1,03/09/26
P2B1 04/21/25,0.3281,17.1023,n.a.,1.4139,4.3011,2.4819,24.7436,P2,B,04/21,04,21,2025,1,03/09/26
P2A1 04/21/25,0.3172,19.6645,n.a.,1.4653,4.1443,2.2963,34.0473,P2,A,04/21,04,21,2025,1,03/09/26
P2B1 04/28/25,0.3287,19.4557,n.a.,1.4514,0.9913,2.2577,32.0111,P2,B,04/28,04,28,2025,1,03/09/26
P2A1 04/28/25,0.3196,19.3422,n.a.,1.4585,5.1849,2.4356,33.7186,P2,A,04/28,04,28,2025,1,03/09/26
P2B1 05/12/25,0.3273,18.5755,n.a.,1.9309,1.3265,2.9232,28.6685,P2,B,05/12,05,12,2025,1,03/09/26
P2B1 05/26/25,0.3312,18.4799,n.a.,1.4548,n.a.,2.446,25.5845,P2,B,05/26,05,26,2025,1,03/09/26
P2A1 05/26/25,0.3145,19.9067,n.a.,1.5644,8.8438,2.6786,36.9259,P2,A,05/26,05,26,2025,1,03/09/26
P2B1 06/02/25,0.3175,22.9531,n.a.,1.6692,n.a.,2.2614,34.1964,P2,B,06/02,06,02,2025,1,03/09/26
P2B1 09/16/25,0.3282,19.2837,n.a.,1.5183,n.a.,2.5267,12.6019,P2,B,09/16,09,16,2025,1,03/09/26
P2A1 09/16/25,0.336,20.2959,1.2085,1.5402,5.3283,2.4434,40.0992,P2,A,09/16,09,16,2025,1,03/09/26
P2B1 09/30/25,0.3317,19.8205,n.a.,1.635,n.a.,2.2424,30.7853,P2,B,09/30,09,30,2025,1,03/09/26
P2A1 09/30/25,0.3301,20.0382,n.a.,1.4937,3.8817,2.3588,37.8933,P2,A,09/30,09,30,2025,1,03/09/26
P2B1 10/07/25,0.3283,20.4487,n.a.,1.6937,n.a.,2.4218,35.517,P2,B,10/07,10,07,2025,1,03/09/26
P2A1 10/07/25,0.3372,20.3657,1.3042,1.5494,5.0516,2.4225,41.3909,P2,A,10/07,10,07,2025,1,03/09/26
P5C1 10/14/25,0.3508,30.4897,1.0329,1.4271,7.5621,2.1218,30.8756,P5,C,10/14,10,14,2025,1,03/09/26
P3C1 10/14/25,0.3306,31.8086,1.1459,n.a.,11.5391,2.7728,35.6036,P3,C,10/14,10,14,2025,1,03/09/26
P5C1 10/14/25,0.3444,30.3185,1.4007,1.394,6.7322,2.1063,31.0264,P5,C,10/14,10,14,2025,1,03/09/26
DOWN 10/14/25,0.3319,28.5632,1.0058,1.3933,13.3477,2.7369,34.395,DO,W,10/14,10,14,2025,N,03/09/26
DOWN 10/14/25,0.3292,29.3046,1.0284,1.4515,13.8875,2.7211,35.3401,DO,W,10/14,10,14,2025,N,03/09/26
P1B1 10/14/25,0.3948,35.4052,2.0172,1.3896,14.7113,n.a.,35.2159,P1,B,10/14,10,14,2025,1,03/09/26
P3C1 10/14/25,0.3332,31.8367,1.0675,1.4011,11.4562,2.782,35.737,P3,C,10/14,10,14,2025,1,03/09/26
P4B1 10/14/25,0.3483,23.6432,n.a.,1.4274,n.a.,2.6833,38.1421,P4,B,10/14,10,14,2025,1,03/09/26
P4A1 10/14/25,0.3429,23.1768,n.a.,1.4374,3.0582,2.9794,37.6396,P4,A,10/14,10,14,2025,1,03/09/26
P4A1 10/14/25,0.3423,23.1012,n.a.,1.4411,3.034,2.9918,37.6433,P4,A,10/14,10,14,2025,1,03/09/26
P5B1 10/14/25,0.3924,14.9147,n.a.,1.3669,2.4757,2.7322,47.3616,P5,B,10/14,10,14,2025,1,03/09/26
P1A1 10/14/25,0.385,33.6714,n.a.,1.3799,12.6699,n.a.,34.8869,P1,A,10/14,10,14,2025,1,03/09/26
P2B1 10/14/25,0.3477,16.7075,n.a.,1.4029,n.a.,2.7137,34.909,P2,B,10/14,10,14,2025,1,03/09/26
P4B1 10/14/25,0.3441,23.4922,n.a.,1.4294,0.9497,2.7887,38.0431,P4,B,10/14,10,14,2025,1,03/09/26
P3A1 10/14/25,0.4065,13.9699,n.a.,1.3918,48.8087,n.a.,69.7738,P3,A,10/14,10,14,2025,1,03/09/26
P3B1 10/14/25,0.3789,14.287,n.a.,1.3976,48.9576,n.a.,70.5755,P3,B,10/14,10,14,2025,1,03/09/26
P4A1 11/11/25,0.3884,23.2587,n.a.,1.5565,3.8324,n.a.,37.8537,P4,A,11/11,11,11,2025,1,03/10/26
P3B1 11/11/25,0.4242,13.1661,n.a.,1.5433,45.3239,n.a.,66.0925,P3,B,11/11,11,11,2025,1,03/10/26
P3A1 11/11/25,0.4397,13.379,n.a.,1.5279,47.3949,n.a.,63.685,P3,A,11/11,11,11,2025,1,03/10/26
P2B1 11/11/25,0.4162,18.5767,n.a.,1.5418,3.4277,n.a.,37.9123,P2,B,11/11,11,11,2025,1,03/10/26
P3C1 11/11/25,0.3725,24.746,n.a.,1.5754,16.4731,n.a.,34.7427,P3,C,11/11,11,11,2025,1,03/10/26
P5B1 11/11/25,0.3833,14.145,n.a.,1.5801,2.4424,n.a.,45.4004,P5,B,11/11,11,11,2025,1,03/10/26
P4B1 11/11/25,0.3867,23.2023,n.a.,1.557,2.6675,n.a.,38.479,P4,B,11/11,11,11,2025,1,03/10/26
P2A1 11/11/25,0.4239,20.2306,n.a.,1.5219,7.2227,n.a.,41.6048,P2,A,11/11,11,11,2025,1,03/10/26
P5A1 11/11/25,0.4194,15.0926,n.a.,1.602,2.6392,n.a.,45.5738,P5,A,11/11,11,11,2025,1,03/10/26
P5C1 11/11/25,0.3758,26.0457,n.a.,1.5908,14.2035,n.a.,35.1373,P5,C,11/11,11,11,2025,1,03/10/26
P3A1 11/04/25,0.4275,13.7123,n.a.,1.5579,47.6044,n.a.,65.1945,P3,A,11/04,11,04,2025,1,03/10/26
P5C1 11/04/25,0.3777,24.8965,n.a.,1.5804,10.7226,n.a.,32.1962,P5,C,11/04,11,04,2025,1,03/10/26
P3B1 11/04/25,0.4483,14.0449,1.0644,1.5701,44.8077,n.a.,70.7876,P3,B,11/04,11,04,2025,1,03/10/26
P5B1 11/04/25,0.4327,15.2209,n.a.,1.5669,2.2661,n.a.,47.0688,P5,B,11/04,11,04,2025,1,03/10/26
P4A1 11/04/25,0.3775,22.3825,n.a.,1.5748,3.2874,n.a.,35.4589,P4,A,11/04,11,04,2025,1,03/10/26
P5B1 11/04/25,0.4157,15.0711,n.a.,1.5417,2.1646,n.a.,46.2412,P5,B,11/04,11,04,2025,1,03/10/26
P2A1 11/04/25,0.4555,20.0029,n.a.,1.5839,6.4743,n.a.,40.6056,P2,A,11/04,11,04,2025,1,03/10/26
P4B1 11/04/25,0.3849,23.3568,n.a.,1.5871,1.8631,n.a.,36.908,P4,B,11/04,11,04,2025,1,03/10/26
P3B1 11/04/25,0.4391,13.5803,1.0819,1.5579,43.09,n.a.,68.0733,P3,B,11/04,11,04,2025,1,03/10/26
P1B1 11/04/25,0.3577,10.4746,n.a.,n.a.,4.7093,n.a.,10.2133,P1,B,11/04,11,04,2025,1,03/10/26
P5A1 11/04/25,0.422,15.3802,0.9237,1.5364,2.6892,n.a.,45.2384,P5,A,11/04,11,04,2025,1,03/10/26
P2B1 11/04/25,0.4071,18.7192,n.a.,1.5466,3.6402,n.a.,36.8091,P2,B,11/04,11,04,2025,1,03/10/26
P3C1 11/04/25,0.3711,25.2339,n.a.,1.5885,12.9046,n.a.,34.3214,P3,C,11/04,11,04,2025,1,03/10/26
P1C1 11/04/25,0.3737,23.9883,n.a.,1.5667,13.8039,n.a.,34.1143,P1,C,11/04,11,04,2025,1,03/10/26
P4A1 11/04/25,0.3817,22.5748,n.a.,1.5849,3.3574,n.a.,35.9639,P4,A,11/04,11,04,2025,1,03/10/26
P3A1 11/04/25,0.4168,14.0174,n.a.,1.5306,48.8377,n.a.,67.061,P3,A,11/04,11,04,2025,1,03/10/26
P2A1 11/04/25,0.436,19.6962,n.a.,1.5534,6.3551,n.a.,39.9052,P2,A,11/04,11,04,2025,1,03/10/26
P1A1 11/04/25,0.4294,31.2688,n.a.,1.5585,10.3238,n.a.,33.5528,P1,A,11/04,11,04,2025,1,03/10/26
P5A1 11/04/25,0.4125,15.7125,n.a.,1.5248,2.6651,n.a.,45.5059,P5,A,11/04,11,04,2025,1,03/10/26
P4B1 11/04/25,0.3916,23.6281,n.a.,1.5662,1.8308,n.a.,37.2637,P4,B,11/04,11,04,2025,1,03/10/26
P2B1 11/04/25,0.4224,19.0928,n.a.,1.5475,3.6812,n.a.,37.5576,P2,B,11/04,11,04,2025,1,03/10/26
P3C1 11/04/25,0.3748,25.7188,n.a.,1.6321,13.4357,n.a.,35.2158,P3,C,11/04,11,04,2025,1,03/10/26
P5C1 11/04/25,0.3723,26.2085,n.a.,1.6079,11.0284,n.a.,34.2321,P5,C,11/04,11,04,2025,1,03/10/26
P4A1 11/11/25,0.3635,23.4703,n.a.,1.5293,3.8164,n.a.,39.2018,P4,A,11/11,11,11,2025,1,03/11/26
P3B1 11/11/25,0.3898,13.0397,n.a.,1.498,44.4587,n.a.,66.9807,P3,B,11/11,11,11,2025,1,03/11/26
P3A1 11/11/25,0.4154,13.4113,n.a.,1.5056,47.0579,n.a.,65.5228,P3,A,11/11,11,11,2025,1,03/11/26
P2B1 11/11/25,0.399,18.3553,n.a.,1.513,4.2729,n.a.,38.3803,P2,B,11/11,11,11,2025,1,03/11/26
P3C1 11/11/25,0.3586,25.2478,n.a.,1.561,16.5576,2.3111,36.2444,P3,C,11/11,11,11,2025,1,03/11/26
P5B1 11/11/25,0.3715,14.3119,n.a.,n.a.,2.3097,1.7924,46.8709,P5,B,11/11,11,11,2025,1,03/11/26
P4B1 11/11/25,0.3683,23.4974,n.a.,1.5433,2.655,n.a.,39.8093,P4,B,11/11,11,11,2025,1,03/11/26
P2A1 11/11/25,0.4038,19.9338,n.a.,1.5142,7.0084,2.545,42.2126,P2,A,11/11,11,11,2025,1,03/11/26
P5A1 11/11/25,0.4057,14.9668,n.a.,1.5315,2.5615,2.6673,46.8172,P5,A,11/11,11,11,2025,1,03/11/26
P5C1 11/11/25,0.3587,26.1738,n.a.,1.5624,14.0684,2.2673,36.0028,P5,C,11/11,11,11,2025,1,03/11/26
P3A1 11/04/25,0.4027,14.0844,n.a.,1.4935,48.5054,n.a.,68.9307,P3,A,11/04,11,04,2025,1,03/11/26
P5C1 11/04/25,0.363,26.2281,n.a.,1.5819,11.134,2.2814,34.8328,P5,C,11/04,11,04,2025,1,03/11/26
P3B1 11/04/25,0.4028,13.6603,0.9594,1.5057,43.2018,n.a.,70.3022,P3,B,11/04,11,04,2025,1,03/11/26
P5B1 11/04/25,0.3994,14.9762,n.a.,1.5115,2.1147,2.1485,47.3019,P5,B,11/04,11,04,2025,1,03/11/26
P4A1 11/04/25,0.3619,22.7909,n.a.,1.5332,3.2452,n.a.,12.4604,P4,A,11/04,11,04,2025,1,03/11/26
P5B1 11/04/25,0.3957,15.1376,n.a.,1.5131,2.0802,2.1107,47.5577,P5,B,11/04,11,04,2025,1,03/11/26
P2A1 11/04/25,0.4005,19.7847,n.a.,1.5174,6.2147,n.a.,41.2957,P2,A,11/04,11,04,2025,1,03/11/26
P4B1 11/04/25,0.385,23.5624,n.a.,1.5599,1.8356,n.a.,38.1741,P4,B,11/04,11,04,2025,1,03/11/26
P3B1 11/04/25,0.4003,13.5045,1.0061,1.5064,42.5246,n.a.,69.5298,P3,B,11/04,11,04,2025,1,03/11/26
P1B1 11/04/25,0.4229,39.2357,n.a.,1.5562,15.2247,n.a.,36.011,P1,B,11/04,11,04,2025,1,03/11/26
P5A1* 11/04/25,0.4035,15.2728,0.8872,1.5253,2.6481,2.2558,46.0657,P5,A, 11/0, 1,/0,2025,1,03/11/26
P2B1 11/04/25,0.4275,18.7779,n.a.,1.5484,3.6313,n.a.,37.7384,P2,B,11/04,11,04,2025,1,03/11/26
P3C1 11/04/25,0.357,25.3135,n.a.,1.5567,12.7586,2.2023,35.4078,P3,C,11/04,11,04,2025,1,03/11/26
P1C1 11/04/25,0.3655,24.2324,n.a.,1.5693,13.7367,2.3294,35.0858,P1,C,11/04,11,04,2025,1,03/11/26
P4A1 11/04/25,0.3843,22.8201,n.a.,1.5516,3.3053,n.a.,37.1429,P4,A,11/04,11,04,2025,1,03/11/26
P3A1 11/04/25,0.4045,14.0791,n.a.,1.514,48.6545,n.a.,69.0149,P3,A,11/04,11,04,2025,1,03/11/26
P2A1 11/04/25,0.4028,19.8035,n.a.,1.5056,6.2368,2.5017,41.2292,P2,A,11/04,11,04,2025,1,03/11/26
P1A1 11/04/25,0.4203,31.0733,n.a.,1.5334,5.8136,n.a.,34.0993,P1,A,11/04,11,04,2025,1,03/11/26
P5A1 11/04/25,0.4002,15.9284,n.a.,1.5131,2.6,n.a.,47.3748,P5,A,11/04,11,04,2025,1,03/11/26
P4B1 11/04/25,0.3917,23.7859,n.a.,n.a.,1.8219,n.a.,38.3528,P4,B,11/04,11,04,2025,1,03/11/26
P2B1 11/04/25,0.4144,19.0645,n.a.,1.5243,3.6123,n.a.,38.3957,P2,B,11/04,11,04,2025,1,03/11/26
P3C1 11/04/25,0.3623,25.6576,n.a.,1.5993,13.2033,2.5477,36.0518,P3,C,11/04,11,04,2025,1,03/11/26
P5C1 11/04/25,0.3622,26.4523,n.a.,1.5765,10.922,2.185,35.0126,P5,C,11/04,11,04,2025,1,03/11/26
P5B1 09/30/25,0.4007,9.012,n.a.,1.4977,1.1954,2.1153,45.6305,P5,B,09/30,09,30,2025,1,03/11/26
P4A1 09/30/25,0.3726,22.56,n.a.,1.5562,3.5042,n.a.,32.7621,P4,A,09/30,09,30,2025,1,03/11/26
P4B1 10/07/25,0.3629,22.3966,n.a.,1.5935,1.7742,n.a.,35.6462,P4,B,10/07,10,07,2025,1,03/11/26
P4B1 10/07/25,0.3553,22.3975,n.a.,1.5648,1.7759,n.a.,35.1061,P4,B,10/07,10,07,2025,1,03/11/26
P4B1 09/30/25,0.3452,19.0772,n.a.,1.8233,n.a.,2.3693,10.6223,P4,B,09/30,09,30,2025,1,03/11/26
P4B1 06/02/25,0.3651,29.5121,n.a.,1.638,n.a.,1.9594,34.2933,P4,B,06/02,06,02,2025,1,03/11/26
P4A1 09/30/25,0.3676,22.5353,n.a.,1.5802,3.5752,n.a.,32.865,P4,A,09/30,09,30,2025,1,03/11/26
P4A1 10/07/25,0.3647,23.3412,n.a.,1.5438,2.9403,n.a.,36.7842,P4,A,10/07,10,07,2025,1,03/11/26
P4A1 10/07/25,0.3473,23.5653,n.a.,1.5949,3.3444,2.4079,38.4253,P4,A,10/07,10,07,2025,1,03/11/26
P4B1 09/30/25,0.3458,19.1971,n.a.,1.652,1.3272,2.3463,10.6238,P4,B,09/30,09,30,2025,1,03/11/26
P1A1 10/07/25,0.3822,25.3673,n.a.,1.5254,14.0376,n.a.,33.3319,P1,A,10/07,10,07,2025,1,03/11/26
P1B1 10/07/25,0.4174,31.4746,n.a.,1.5392,5.0923,n.a.,34.8294,P1,B,10/07,10,07,2025,1,03/11/26
P1C1 09/30/25,0.368,24.6495,n.a.,1.6195,12.7446,2.2764,35.1722,P1,C,09/30,09,30,2025,1,03/11/26
P1A1 09/30/25,0.3789,27.371,n.a.,1.5181,13.74,n.a.,33.4632,P1,A,09/30,09,30,2025,1,03/11/26
P1B1 09/16/25,0.3796,30.0403,n.a.,1.5078,15.055,n.a.,33.9377,P1,B,09/16,09,16,2025,1,03/11/26
P1B2 04/16/25,0.3884,39.7177,n.a.,1.565,11.7577,2.3723,34.7773,P1,B,04/16,04,16,2025,2,03/11/26
P1B1 09/30/25,0.3922,31.9355,n.a.,1.5304,15.6674,n.a.,34.5982,P1,B,09/30,09,30,2025,1,03/11/26
P1A1 09/16/25,0.3815,26.7219,n.a.,1.5236,13.5978,n.a.,33.4515,P1,A,09/16,09,16,2025,1,03/11/26
P3B1 10/07/25,0.3991,14.6008,n.a.,1.5132,48.8875,n.a.,66.729,P3,B,10/07,10,07,2025,1,03/11/26
P3A1 10/07/25,0.3868,13.8868,n.a.,1.5051,49.7647,n.a.,61.047,P3,A,10/07,10,07,2025,1,03/11/26
P3A1 09/30/25,0.3755,12.5993,n.a.,1.5057,45.2347,n.a.,54.0301,P3,A,09/30,09,30,2025,1,03/11/26
P3C1 09/16/25,0.3724,26.8351,n.a.,1.5625,11.4152,2.2896,33.0277,P3,C,09/16,09,16,2025,1,03/11/26
P3B1 09/30/25,0.3796,13.7914,n.a.,n.a.,47.6975,n.a.,67.0359,P3,B,09/30,09,30,2025,1,03/11/26
P3C1 09/30/25,0.3826,26.1427,n.a.,1.6169,13.2166,2.7073,34.6471,P3,C,09/30,09,30,2025,1,03/11/26
P3B1 09/16/25,0.4479,14.0811,n.a.,1.5541,40.7401,n.a.,54.7905,P3,B,09/16,09,16,2025,1,03/11/26
P3A1 09/16/25,0.4037,14.1699,n.a.,1.497,50.3872,n.a.,53.4275,P3,A,09/16,09,16,2025,1,03/11/26
P5C1 09/30/25,0.3685,27.9272,n.a.,1.5838,8.2146,2.3183,34.0046,P5,C,09/30,09,30,2025,1,03/11/26
P5A1 09/30/25,0.4249,10.3874,n.a.,n.a.,2.5441,2.282,44.0604,P5,A,09/30,09,30,2025,1,03/11/26
P5A1 09/30/25,0.409,10.5178,n.a.,1.4988,2.3328,2.1022,44.8305,P5,A,09/30,09,30,2025,1,03/11/26
P5B1 09/30/25,0.4197,9.1632,n.a.,1.5623,n.a.,2.0371,45.5519,P5,B,09/30,09,30,2025,1,03/11/26
P5C1 09/16/25,0.4937,84.0213,3.9839,n.a.,8.0961,2.2653,36.3424,P5,C,09/16,09,16,2025,1,03/11/26
P5A1 10/07/25,0.4177,14.9817,n.a.,1.5234,4.3269,2.3935,47.8391,P5,A,10/07,10,07,2025,1,03/11/26
P5C1 09/16/25,0.4698,84.3058,4.0126,n.a.,7.8653,2.5573,36.5514,P5,C,09/16,09,16,2025,1,03/11/26
P5C1 09/30/25,0.3657,27.9444,n.a.,1.5973,7.9503,2.2267,33.8129,P5,C,09/30,09,30,2025,1,03/11/26
P5A1 10/07/25,0.3923,14.5941,1.8435,1.6002,2.7884,1.957,47.6901,P5,A,10/07,10,07,2025,1,03/11/26
P5C1 06/02/25,0.4119,28.5903,n.a.,1.5581,9.2016,2.5493,32.2693,P5,C,06/02,06,02,2025,1,03/11/26
P5B1 06/02/25,0.4215,15.3799,n.a.,1.5938,1.8144,1.8988,48.5379,P5,B,06/02,06,02,2025,1,03/11/26
P5B1 10/07/25,0.3904,10.488,n.a.,1.5299,1.7438,1.7329,45.1418,P5,B,10/07,10,07,2025,1,03/11/26
P5B1 10/07/25,0.4038,10.3038,n.a.,1.5592,1.7802,1.8587,44.1072,P5,B,10/07,10,07,2025,1,03/11/26
P5B1 10/14/25,0.4266,15.0586,n.a.,n.a.,1.6554,2.1848,47.5491,P5,B,10/14,10,14,2025,1,03/11/26
P5A1 10/28/25,0.3746,15.3976,n.a.,n.a.,1.2827,2.1608,47.5282,P5,A,10/28,10,28,2025,1,03/16/26
P4A1 10/28/25,0.3137,23.6592,n.a.,1.0607,2.3515,2.5933,37.3556,P4,A,10/28,10,28,2025,1,03/16/26
P4B1 10/28/25,0.2913,23.0216,n.a.,n.a.,n.a.,2.3148,36.4298,P4,B,10/28,10,28,2025,1,03/16/26
P3C1 10/28/25,0.2727,26.575,n.a.,1.0676,13.9062,1.9688,37.2734,P3,C,10/28,10,28,2025,1,03/16/26
P4B1 10/28/25,0.3466,23.816,n.a.,1.2251,n.a.,2.703,37.1755,P4,B,10/28,10,28,2025,1,03/16/26
P5C1 10/28/25,0.2696,27.0462,n.a.,0.977,10.2635,1.7129,35.9271,P5,C,10/28,10,28,2025,1,03/16/26
P1B1 10/28/25,0.3407,37.2476,n.a.,0.9947,13.8438,n.a.,35.4059,P1,B,10/28,10,28,2025,1,03/16/26
P1B1 10/28/25,0.3534,36.482,n.a.,1.0083,13.5972,n.a.,34.5975,P1,B,10/28,10,28,2025,1,03/16/26
P1B1 10/28/25,0.332,18.6126,n.a.,1.0404,1.3903,2.4312,36.6561,P1,B,10/28,10,28,2025,1,03/16/26
P5C1 03/10/26,0.3015,33.9121,n.a.,1.0404,11.0886,2.2425,30.4258,P5,C,03/10,03,10,2026,1,03/16/26
P3C1 03/10/26,0.3228,31.1086,n.a.,1.0607,14.1751,2.8389,31.9781,P3,C,03/10,03,10,2026,1,03/16/26
P1C1 03/10/26,0.3165,30.2235,n.a.,1.0666,15.375,n.a.,33.0289,P1,C,03/10,03,10,2026,1,03/16/26
P5A1 03/10/26,0.3661,17.734,n.a.,n.a.,1.9401,2.5102,46.9725,P5,A,03/10,03,10,2026,1,03/16/26
P5B1 03/10/26,0.3193,14.5368,n.a.,n.a.,1.7208,2.3753,44.3487,P5,B,03/10,03,10,2026,1,03/16/26
P2A1 03/10/26,0.3201,22.4033,n.a.,1.0171,10.0438,n.a.,39.6395,P2,A,03/10,03,10,2026,1,03/16/26
P4B1 03/10/26,0.2821,26.7987,n.a.,n.a.,3.0531,n.a.,41.1944,P4,B,03/10,03,10,2026,1,03/16/26
P4A1 03/10/26,0.2929,28.2338,n.a.,1.0238,4.7496,n.a.,42.4003,P4,A,03/10,03,10,2026,1,03/16/26
P3B1 03/10/26,0.3018,13.9598,n.a.,0.9933,51.8187,n.a.,58.337,P3,B,03/10,03,10,2026,1,03/16/26
P3A1 03/10/26,0.3109,13.8376,n.a.,0.972,50.2497,n.a.,55.6246,P3,A,03/10,03,10,2026,1,03/16/26
P2B1 03/10/26,0.2965,22.3006,n.a.,0.9744,6.48,n.a.,39.3245,P2,B,03/10,03,10,2026,1,03/16/26
P1B1 03/10/26,0.2801,39.6595,n.a.,0.9774,12.5654,n.a.,36.008,P1,B,03/10,03,10,2026,1,03/16/26
P1A1 03/10/26,0.2778,38.7168,n.a.,0.9826,13.8065,2.6388,36.2563,P1,A,03/10,03,10,2026,1,03/16/26
P3C1 10/07/25,0.2738,26.0134,n.a.,1.0257,10.2171,2.0574,32.7073,P3,C,10/07,10,07,2025,1,03/16/26
P5C1 10/07/25,0.3489,26.7204,n.a.,1.0508,7.1039,2.464,31.8183,P5,C,10/07,10,07,2025,1,03/16/26
P5C1 10/07/25,0.3152,27.4375,n.a.,1.0053,6.9767,1.9951,32.515,P5,C,10/07,10,07,2025,1,03/16/26
P4B1 11/18/25,0.3173,22.8665,n.a.,1.0266,2.179,2.6493,39.4541,P4,B,11/18,11,18,2025,1,03/16/26
P5C1 11/18/25,0.31,22.2668,n.a.,1.0273,13.561,0.3357,31.0802,P5,C,11/18,11,18,2025,1,03/16/26
P3A1 11/18/25,0.3255,13.9695,n.a.,0.997,48.9663,n.a.,70.5612,P3,A,11/18,11,18,2025,1,03/16/26
P4A1 11/18/25,0.3042,24.3668,n.a.,1.0129,3.5185,2.5311,41.6353,P4,A,11/18,11,18,2025,1,03/16/26
P2B1 11/18/25,0.3777,19.5783,n.a.,1.01,5.1296,n.a.,41.7636,P2,B,11/18,11,18,2025,1,03/16/26
P5A1 11/18/25,n.a.,2.4191,n.a.,n.a.,0.7975,0.2481,5.3633,P5,A,11/18,11,18,2025,1,03/16/26
P3C1 11/18/25,0.3142,21.0033,n.a.,1.0128,12.8552,0.3717,29.8783,P3,C,11/18,11,18,2025,1,03/16/26
P2A1 11/18/25,0.3354,19.547,n.a.,0.9951,6.3248,n.a.,41.456,P2,A,11/18,11,18,2025,1,03/16/26
P3B1 11/18/25,n.a.,3.5487,n.a.,n.a.,10.8589,0.5241,16.1851,P3,B,11/18,11,18,2025,1,03/16/26
P5B1 11/18/25,0.2943,15.592,n.a.,n.a.,2.0176,1.9274,50.8992,P5,B,11/18,11,18,2025,1,03/16/26
P3B1 10/28/25,0.3669,14.049,n.a.,1.0355,47.1973,n.a.,73.9643,P3,B,10/28,10,28,2025,1,03/16/26
P4A1 10/28/25,0.3132,23.7711,n.a.,1.0533,2.4308,2.8122,37.6259,P4,A,10/28,10,28,2025,1,03/16/26
P2A1 10/28/25,0.3153,18.8993,n.a.,1.0188,4.1952,2.4459,38.096,P2,A,10/28,10,28,2025,1,03/16/26
P3C1 10/28/25,0.2766,26.4202,n.a.,1.0414,13.6979,2.0108,37.0223,P3,C,10/28,10,28,2025,1,03/16/26
P5B1 10/28/25,0.3156,14.9855,n.a.,n.a.,0.9457,1.8791,48.2733,P5,B,10/28,10,28,2025,1,03/16/26
P2A1 10/28/25,0.3845,19.1578,n.a.,1.0725,4.2152,2.8022,38.4285,P2,A,10/28,10,28,2025,1,03/16/26
P3B1 10/28/25,0.334,14.2942,n.a.,n.a.,46.2812,n.a.,74.541,P3,B,10/28,10,28,2025,1,03/16/26
P3A1 10/28/25,0.3937,14.1986,n.a.,1.0796,49.8693,n.a.,72.2921,P3,A,10/28,10,28,2025,1,03/16/26
P5B1 10/28/25,0.3484,15.522,n.a.,n.a.,1.0239,1.9084,50.1431,P5,B,10/28,10,28,2025,1,03/16/26
P5C1 10/28/25,0.282,27.4524,n.a.,1.0206,10.6364,1.9297,36.3661,P5,C,10/28,10,28,2025,1,03/16/26
P1C1 10/28/25,0.2743,24.8711,n.a.,1.0259,14.6624,2.013,37.1053,P1,C,10/28,10,28,2025,1,03/16/26
P1A1 10/28/25,0.3123,32.2956,n.a.,0.9865,14.0569,2.4382,34.4392,P1,A,10/28,10,28,2025,1,03/16/26
P5A1 10/28/25,0.3214,15.4823,n.a.,n.a.,1.3662,1.8356,48.3617,P5,A,10/28,10,28,2025,1,03/16/26
P3A1 10/28/25,0.3372,13.9301,n.a.,0.9855,49.0786,n.a.,71.6815,P3,A,10/28,10,28,2025,1,03/16/26
P5A1 10/28/25,0.3863,15.6645,n.a.,n.a.,1.3427,2.3942,48.1191,P5,A,10/28,10,28,2025,1,03/16/26
P4A1 10/28/25,0.2948,23.3505,n.a.,1.0438,2.2545,2.2471,37.0791,P4,A,10/28,10,28,2025,1,03/16/26
P4B1 10/28/25,0.3402,23.3619,n.a.,1.0848,0.5477,2.457,36.6516,P4,B,10/28,10,28,2025,1,03/16/26
P3C1 10/28/25,0.2748,26.6603,n.a.,1.0272,13.868,1.9298,37.329,P3,C,10/28,10,28,2025,1,03/16/26
P4B1 10/28/25,0.3091,23.3684,n.a.,n.a.,n.a.,2.1253,36.5045,P4,B,10/28,10,28,2025,1,03/16/26
P5C1 10/28/25,0.2856,27.3971,n.a.,1.0658,10.4389,2.0085,36.2827,P5,C,10/28,10,28,2025,1,03/16/26
P1B1 10/28/25,0.3304,37.1212,n.a.,n.a.,13.8283,2.5009,35.2621,P1,B,10/28,10,28,2025,1,03/16/26
P1B1 10/28/25,0.3076,36.628,n.a.,n.a.,13.6355,2.5844,34.7942,P1,B,10/28,10,28,2025,1,03/16/26
P1B1 10/28/25,0.3727,18.8813,n.a.,1.0394,1.4533,2.7458,37.2582,P1,B,10/28,10,28,2025,1,03/16/26
P5C1 03/10/26,0.3039,34.1291,n.a.,1.0343,11.1628,2.4548,30.7673,P5,C,03/10,03,10,2026,1,03/16/26
P3C1 03/10/26,0.2869,31.9612,n.a.,1.0301,14.4089,2.246,32.7356,P3,C,03/10,03,10,2026,1,03/16/26
P1C1 03/10/26,0.318,30.7531,n.a.,1.0329,15.5533,n.a.,33.7207,P1,C,03/10,03,10,2026,1,03/16/26
P5A1 03/10/26,0.3295,17.3869,n.a.,n.a.,1.8095,2.1884,46.1788,P5,A,03/10,03,10,2026,1,03/16/26
P5B1 03/10/26,0.3425,15.5378,n.a.,n.a.,1.6452,2.3127,47.5583,P5,B,03/10,03,10,2026,1,03/16/26
P2A1 03/10/26,0.3054,22.0043,n.a.,0.9871,9.7556,n.a.,38.9812,P2,A,03/10,03,10,2026,1,03/16/26
P4B1 03/10/26,0.2923,26.7452,n.a.,1.0195,2.6691,n.a.,41.2664,P4,B,03/10,03,10,2026,1,03/16/26
P4A1 03/10/26,0.283,27.7291,n.a.,0.9991,4.6274,n.a.,41.8066,P4,A,03/10,03,10,2026,1,03/16/26
P3B1 03/10/26,0.3036,13.9868,n.a.,1.0179,51.641,n.a.,57.9371,P3,B,03/10,03,10,2026,1,03/16/26
P3A1 03/10/26,0.2708,13.7729,n.a.,0.9584,50.1518,n.a.,55.5529,P3,A,03/10,03,10,2026,1,03/16/26
P2B1 03/10/26,0.328,22.5457,n.a.,1.0156,6.5986,n.a.,39.5231,P2,B,03/10,03,10,2026,1,03/16/26
P1B1 03/10/26,0.292,40.3684,n.a.,0.989,12.933,n.a.,36.7757,P1,B,03/10,03,10,2026,1,03/16/26
P1A1 03/10/26,0.286,39.4726,n.a.,0.9923,14.0777,n.a.,37.0483,P1,A,03/10,03,10,2026,1,03/16/26
P3C1 10/07/25,0.2827,26.5717,n.a.,1.0135,10.3156,1.8509,33.5621,P3,C,10/07,10,07,2025,1,03/16/26
P5C1 10/07/25,0.301,27.2236,n.a.,1.0136,7.1239,2.093,32.4049,P5,C,10/07,10,07,2025,1,03/16/26
P5C1 10/07/25,0.297,28.2754,n.a.,1.0271,7.262,2.2927,33.6874,P5,C,10/07,10,07,2025,1,03/16/26
P4B1 11/18/25,0.3134,23.4025,n.a.,1.0431,2.2175,2.467,40.8185,P4,B,11/18,11,18,2025,1,03/16/26
P5C1 11/18/25,0.2646,22.7996,n.a.,1.001,13.7343,0.1666,32.2068,P5,C,11/18,11,18,2025,1,03/16/26
P3A1 11/18/25,0.3219,14.3019,n.a.,1.0062,50.0327,n.a.,71.6212,P3,A,11/18,11,18,2025,1,03/16/26
P4A1 11/18/25,0.296,24.1907,n.a.,0.9982,3.4658,2.4259,41.4445,P4,A,11/18,11,18,2025,1,03/16/26
P2B1 11/18/25,0.3827,19.9366,n.a.,1.0444,5.2671,n.a.,42.4867,P2,B,11/18,11,18,2025,1,03/16/26
P5A1 11/18/25,0.3248,13.4236,n.a.,n.a.,2.0836,1.9288,40.6044,P5,A,11/18,11,18,2025,1,03/16/26
P3C1 11/18/25,0.3024,21.2948,n.a.,1.0331,13.0147,0.4295,30.3373,P3,C,11/18,11,18,2025,1,03/16/26
P2A1 11/18/25,0.3471,19.566,n.a.,1.0408,6.3397,n.a.,41.0628,P2,A,11/18,11,18,2025,1,03/16/26
P3B1 11/18/25,0.2886,11.8515,n.a.,1.0205,40.6649,2.2078,62.9241,P3,B,11/18,11,18,2025,1,03/16/26
P5B1 11/18/25,0.3746,15.5101,n.a.,n.a.,2.0652,2.1538,49.5081,P5,B,11/18,11,18,2025,1,03/16/26
P3B1 10/28/25,0.3871,13.8281,n.a.,1.0476,46.1471,n.a.,72.091,P3,B,10/28,10,28,2025,1,03/16/26
P4A1 10/28/25,0.2859,23.1829,n.a.,1.0221,2.3087,2.3602,36.7203,P4,A,10/28,10,28,2025,1,03/16/26
P2A1 10/28/25,0.3574,18.7283,n.a.,1.0495,4.1859,2.6805,37.42,P2,A,10/28,10,28,2025,1,03/16/26
P3C1 10/28/25,0.3368,26.3907,n.a.,1.0722,13.6484,2.2154,36.6541,P3,C,10/28,10,28,2025,1,03/16/26
P5B1 10/28/25,0.3071,14.6783,n.a.,n.a.,0.9128,1.9496,46.9977,P5,B,10/28,10,28,2025,1,03/16/26
P2A1 10/28/25,0.3512,18.5567,n.a.,1.0446,4.0281,2.6178,37.2664,P2,A,10/28,10,28,2025,1,03/16/26
P3B1 10/28/25,0.3219,13.9149,n.a.,n.a.,45.0713,n.a.,72.3528,P3,B,10/28,10,28,2025,1,03/16/26
P3A1 10/28/25,0.3672,13.9928,n.a.,1.0182,48.8711,n.a.,70.7637,P3,A,10/28,10,28,2025,1,03/16/26
P5B1 10/28/25,0.3341,15.0971,n.a.,n.a.,0.9742,1.8664,48.3056,P5,B,10/28,10,28,2025,1,03/16/26
P5C1 10/28/25,0.3147,27.3082,n.a.,1.0534,10.5453,2.0203,9.0127,P5,C,10/28,10,28,2025,1,03/16/26
P1C1 10/28/25,0.2813,24.816,n.a.,1.0449,14.59,1.9136,36.7848,P1,C,10/28,10,28,2025,1,03/16/26
P1A1 10/28/25,0.3344,31.9961,n.a.,1.0204,13.8959,2.5748,34.0361,P1,A,10/28,10,28,2025,1,03/16/26
P5A1 10/28/25,0.3513,15.381,n.a.,n.a.,1.4177,2.0171,47.9394,P5,A,10/28,10,28,2025,1,03/16/26
P3A1 10/28/25,0.3303,13.9784,n.a.,n.a.,49.3349,n.a.,71.422,P3,A,10/28,10,28,2025,1,03/16/26
P5A1 10/28/25,0.2485,15.2202,n.a.,n.a.,1.3163,n.a.,44.1736,P5,A,10/28,10,28,2025,1,04/17/26
P4A1 10/28/25,0.2372,23.394,n.a.,1.5503,2.3583,n.a.,34.8204,P4,A,10/28,10,28,2025,1,04/17/26
P4B1 10/28/25,0.3216,23.4015,n.a.,1.8719,n.a.,n.a.,34.4229,P4,B,10/28,10,28,2025,1,04/17/26
P3C1 10/28/25,0.2484,26.0269,n.a.,1.5497,12.9594,n.a.,34.1475,P3,C,10/28,10,28,2025,1,04/17/26
P4B1 10/28/25,0.227,23.027,n.a.,1.709,n.a.,n.a.,33.8999,P4,B,10/28,10,28,2025,1,04/17/26
P5C1 10/28/25,0.234,26.5945,n.a.,1.539,9.588,n.a.,33.1441,P5,C,10/28,10,28,2025,1,04/17/26
P1B1 10/28/25,0.2851,36.6451,n.a.,n.a.,13.1932,n.a.,32.645,P1,B,10/28,10,28,2025,1,04/17/26
P1B1 10/28/25,0.2616,36.7194,n.a.,n.a.,13.3091,n.a.,32.3514,P1,B,10/28,10,28,2025,1,04/17/26
P1B1 10/28/25,0.4364,19.6995,n.a.,n.a.,2.2152,n.a.,35.2378,P1,B,10/28,10,28,2025,1,04/17/26
P4A1 03/31/26,0.3481,30.0775,n.a.,1.545,4.0642,n.a.,39.0513,P4,A,03/31,03,31,2026,1,04/17/26
P3C1 03/31/26,0.3463,28.9661,n.a.,1.562,13.4374,n.a.,33.1679,P3,C,03/31,03,31,2026,1,04/17/26
P3A1 03/31/26,0.3071,13.9484,n.a.,1.5163,48.52,n.a.,51.8246,P3,A,03/31,03,31,2026,1,04/17/26
P1C1 03/31/26,0.3296,26.7534,n.a.,1.5477,15.5407,n.a.,34.1512,P1,C,03/31,03,31,2026,1,04/17/26
P5B1 03/31/26,n.a.,0.9863,n.a.,n.a.,n.a.,n.a.,1.8178,P5,B,03/31,03,31,2026,1,04/17/26
P2B1 03/31/26,0.3148,22.901,n.a.,1.5237,4.1271,n.a.,35.2137,P2,B,03/31,03,31,2026,1,04/17/26
P5C1 03/31/26,0.6145,31.2247,n.a.,1.8047,12.1301,n.a.,31.774,P5,C,03/31,03,31,2026,1,04/17/26
P3B1 03/31/26,0.3291,13.987,n.a.,1.5138,47.5935,n.a.,51.9497,P3,B,03/31,03,31,2026,1,04/17/26
P5A1 03/31/26,0.4409,25.7295,n.a.,n.a.,2.2299,n.a.,40.8962,P5,A,03/31,03,31,2026,1,04/17/26
P1B1 03/31/26,0.315,41.0614,n.a.,1.5525,13.0754,n.a.,34.7441,P1,B,03/31,03,31,2026,1,04/17/26
P4B1 03/31/26,0.2902,28.5143,n.a.,1.5399,2.1969,n.a.,39.0932,P4,B,03/31,03,31,2026,1,04/17/26
P2A1 03/31/26,0.3332,23.0377,n.a.,1.5382,8.2902,n.a.,35.8118,P2,A,03/31,03,31,2026,1,04/17/26
P1A1 03/31/26,0.2888,37.8164,n.a.,1.5228,14.4921,n.a.,33.7715,P1,A,03/31,03,31,2026,1,04/17/26
P3C1 04/07/26,0.299,27.0953,n.a.,1.5283,14.751,n.a.,32.1696,P3,C,04/07,04,07,2026,1,04/17/26
P4B1 04/07/26,0.2801,30.9439,n.a.,1.5708,2.5674,n.a.,39.7547,P4,B,04/07,04,07,2026,1,04/17/26
P2B1 04/07/26,0.3073,23.1312,n.a.,1.5284,6.0078,n.a.,35.6195,P2,B,04/07,04,07,2026,1,04/17/26
P2A1 04/07/26,0.3054,22.0659,n.a.,1.5095,8.3567,n.a.,34.6051,P2,A,04/07,04,07,2026,1,04/17/26
P3A1 04/07/26,0.3207,13.514,n.a.,1.4903,46.0516,n.a.,50.8804,P3,A,04/07,04,07,2026,1,04/17/26
P5C1 04/07/26,0.3167,28.6222,n.a.,1.5327,13.0397,n.a.,31.757,P5,C,04/07,04,07,2026,1,04/17/26
P4A1 04/07/26,0.2831,30.1694,n.a.,1.5809,4.8224,n.a.,39.4829,P4,A,04/07,04,07,2026,1,04/17/26
P1C1 04/07/26,0.3165,26.0544,n.a.,n.a.,16.3098,n.a.,33.1799,P1,C,04/07,04,07,2026,1,04/17/26
P1B1 04/07/26,0.2881,39.8768,n.a.,1.538,12.246,n.a.,33.8501,P1,B,04/07,04,07,2026,1,04/17/26
P5A1 04/07/26,0.3595,19.3356,n.a.,1.5479,2.6953,n.a.,46.4934,P5,A,04/07,04,07,2026,1,04/17/26
P5B1 04/07/26,0.3679,16.8208,n.a.,n.a.,2.3907,n.a.,46.804,P5,B,04/07,04,07,2026,1,04/17/26
P1A1 04/07/26,0.2872,33.5945,n.a.,1.5506,9.4139,n.a.,35.9965,P1,A,04/07,04,07,2026,1,04/17/26
P5C1 03/10/26,0.2573,33.6601,n.a.,n.a.,10.5507,n.a.,28.4345,P5,C,03/10,03,10,2026,1,04/17/26
P3C1 03/10/26,0.2433,30.6098,1.855,n.a.,13.3952,n.a.,29.9532,P3,C,03/10,03,10,2026,1,04/17/26
P1C1 03/10/26,0.2284,30.3846,n.a.,n.a.,14.5246,n.a.,31.1082,P1,C,03/10,03,10,2026,1,04/17/26
P5A1 03/10/26,0.2287,17.4925,n.a.,n.a.,2.1322,n.a.,43.3119,P5,A,03/10,03,10,2026,1,04/17/26
P5B1 03/10/26,0.2443,15.428,n.a.,n.a.,1.6064,n.a.,44.1083,P5,B,03/10,03,10,2026,1,04/17/26
P2A1 03/10/26,0.2314,21.9974,n.a.,1.5279,9.3326,n.a.,36.4085,P2,A,03/10,03,10,2026,1,04/17/26
P4B1 03/10/26,0.2272,26.636,n.a.,n.a.,2.9601,n.a.,38.6389,P4,B,03/10,03,10,2026,1,04/17/26
P4A1 03/10/26,0.2599,27.9513,n.a.,n.a.,4.5535,n.a.,39.5212,P4,A,03/10,03,10,2026,1,04/17/26
P3B1 03/10/26,0.2426,14.4427,n.a.,1.527,50.1716,n.a.,56.7917,P3,B,03/10,03,10,2026,1,04/17/26
P3A1 03/10/26,0.2475,14.3993,n.a.,1.5249,48.9335,n.a.,54.1565,P3,A,03/10,03,10,2026,1,04/17/26
P2B1 03/10/26,0.2381,22.4447,n.a.,1.5297,6.5225,n.a.,37.184,P2,B,03/10,03,10,2026,1,04/17/26
P1B1 03/10/26,0.228,39.3892,n.a.,n.a.,12.4141,n.a.,33.6386,P1,B,03/10,03,10,2026,1,04/17/26
P1A1 03/10/26,0.3093,38.4853,n.a.,1.5395,12.7772,n.a.,33.8918,P1,A,03/10,03,10,2026,1,04/17/26
P3C1 10/07/25,0.2334,25.9599,n.a.,n.a.,9.6984,n.a.,30.8258,P3,C,10/07,10,07,2025,1,04/17/26
P5C1 10/07/25,0.2336,26.8771,n.a.,n.a.,6.8418,n.a.,29.9439,P5,C,10/07,10,07,2025,1,04/17/26
P5C1 10/07/25,0.2572,27.2707,n.a.,n.a.,6.692,n.a.,30.5768,P5,C,10/07,10,07,2025,1,04/17/26
P4B1 11/18/25,0.2332,22.9241,n.a.,1.552,2.5629,n.a.,37.3777,P4,B,11/18,11,18,2025,1,04/17/26
P5C1 11/18/25,0.2782,21.8061,n.a.,n.a.,12.6314,1.1634,28.7455,P5,C,11/18,11,18,2025,1,04/17/26
P3A1 11/18/25,0.2643,13.9338,n.a.,1.5233,45.3727,n.a.,66.0233,P3,A,11/18,11,18,2025,1,04/17/26
P4A1 11/18/25,0.2342,23.6413,n.a.,1.5608,3.6245,n.a.,37.5901,P4,A,11/18,11,18,2025,1,04/17/26
P2B1 11/18/25,0.2351,19.3658,n.a.,1.5398,5.1669,n.a.,38.8685,P2,B,11/18,11,18,2025,1,04/17/26
P5A1 11/18/25,0.3096,15.869,n.a.,n.a.,2.4877,n.a.,45.1334,P5,A,11/18,11,18,2025,1,04/17/26
P3C1 11/18/25,0.2731,21.0597,n.a.,n.a.,12.388,1.3052,28.5389,P3,C,11/18,11,18,2025,1,04/17/26
P2A1 11/18/25,0.2353,19.0236,n.a.,1.5195,5.8436,n.a.,37.5778,P2,A,11/18,11,18,2025,1,04/17/26
P3B1 11/18/25,0.2301,13.0555,n.a.,1.5074,44.0923,n.a.,65.4119,P3,B,11/18,11,18,2025,1,04/17/26
P5B1 11/18/25,0.2803,14.9523,1.2271,n.a.,2.1245,n.a.,46.4625,P5,B,11/18,11,18,2025,1,04/17/26
P1A1 04/14/26,0.3193,36.4428,n.a.,1.5317,14.831,n.a.,32.7561,P1,A,04/14,04,14,2026,1,04/17/26
P2B1 04/14/26,0.3592,23.7723,n.a.,1.528,6.6485,n.a.,36.6302,P2,B,04/14,04,14,2026,1,04/17/26
P1C1 04/14/26,0.3015,25.8075,n.a.,n.a.,13.2163,n.a.,27.6649,P1,C,04/14,04,14,2026,1,04/17/26
P1B1 04/14/26,0.3326,44.3961,n.a.,n.a.,7.9294,n.a.,36.5862,P1,B,04/14,04,14,2026,1,04/17/26
P4B1 04/14/26,0.3258,31.4813,1.8569,n.a.,2.173,n.a.,41.6346,P4,B,04/14,04,14,2026,1,04/17/26
P5C1 04/14/26,0.2959,25.6705,n.a.,n.a.,11.3159,n.a.,26.0583,P5,C,04/14,04,14,2026,1,04/17/26
P3B1 04/14/26,0.3364,14.5675,n.a.,1.5184,52.6284,n.a.,52.9714,P3,B,04/14,04,14,2026,1,04/17/26
P3C1 04/14/26,0.2939,25.7237,n.a.,1.5069,12.1534,n.a.,27.5231,P3,C,04/14,04,14,2026,1,04/17/26
P2A2 04/14/26,0.3582,22.9372,n.a.,1.5457,8.0714,n.a.,35.8966,P2,A,04/14,04,14,2026,2,04/17/26
P5B1 04/14/26,0.3389,15.8513,n.a.,n.a.,2.3308,n.a.,45.8131,P5,B,04/14,04,14,2026,1,04/17/26
P3A1 04/14/26,0.3186,13.9102,n.a.,1.5036,50.1472,n.a.,52.0913,P3,A,04/14,04,14,2026,1,04/17/26
P5A1 04/14/26,0.4194,33.0043,n.a.,1.5217,6.6718,n.a.,35.3218,P5,A,04/14,04,14,2026,1,04/17/26
P4A1 04/14/26,0.341,31.7552,n.a.,n.a.,4.1182,n.a.,41.113,P4,A,04/14,04,14,2026,1,04/17/26
P3B1 04/07/26,0.2982,13.8893,n.a.,1.4924,51.4717,n.a.,52.5491,P3,B,04/07,04,07,2026,1,04/17/26
P5A1 10/28/25,0.2563,15.2026,n.a.,n.a.,1.2467,n.a.,44.4871,P5,A,10/28,10,28,2025,1,04/17/26
P4A1 10/28/25,0.2373,22.8935,n.a.,1.5525,2.3119,n.a.,34.7927,P4,A,10/28,10,28,2025,1,04/17/26
P4B1 10/28/25,0.2309,22.9567,n.a.,1.5612,1.1359,n.a.,33.7828,P4,B,10/28,10,28,2025,1,04/17/26
P3C1 10/28/25,0.2447,26.0354,n.a.,n.a.,12.9169,n.a.,34.2369,P3,C,10/28,10,28,2025,1,04/17/26
P4B1 10/28/25,0.2299,23.2818,n.a.,n.a.,n.a.,n.a.,34.1147,P4,B,10/28,10,28,2025,1,04/17/26
P5C1 10/28/25,0.2355,26.6016,n.a.,n.a.,9.4818,n.a.,33.312,P5,C,10/28,10,28,2025,1,04/17/26
P1B1 10/28/25,0.2542,36.75,n.a.,n.a.,13.1754,n.a.,32.8777,P1,B,10/28,10,28,2025,1,04/17/26
P1B1 10/28/25,0.266,36.1777,n.a.,1.5547,12.6622,n.a.,31.9523,P1,B,10/28,10,28,2025,1,04/17/26
P1B1 10/28/25,0.2337,18.7304,n.a.,1.5574,1.6258,n.a.,34.9852,P1,B,10/28,10,28,2025,1,04/17/26
P5C1 03/10/26,0.3002,33.532,n.a.,n.a.,10.4843,n.a.,28.3177,P5,C,03/10,03,10,2026,1,04/17/26
P3C1 03/10/26,0.2616,31.3906,n.a.,n.a.,13.3002,n.a.,29.8584,P3,C,03/10,03,10,2026,1,04/17/26
P1C1 03/10/26,0.2466,30.3743,n.a.,n.a.,14.4699,n.a.,30.8478,P1,C,03/10,03,10,2026,1,04/17/26
P5A1 03/10/26,0.2253,17.6149,n.a.,n.a.,2.0698,n.a.,32.3048,P5,A,03/10,03,10,2026,1,04/17/26
P5B1 03/10/26,0.2465,15.5022,n.a.,n.a.,1.6434,n.a.,44.2325,P5,B,03/10,03,10,2026,1,04/17/26
P2A1 03/10/26,0.2341,22.2801,n.a.,1.5526,9.435,n.a.,36.9138,P2,A,03/10,03,10,2026,1,04/17/26
P4B1 03/10/26,0.2249,27.2118,n.a.,1.5633,2.9692,n.a.,39.4675,P4,B,03/10,03,10,2026,1,04/17/26
P4A1 03/10/26,0.2239,27.9424,n.a.,1.5849,4.5592,n.a.,39.3227,P4,A,03/10,03,10,2026,1,04/17/26
P3B1 03/10/26,0.264,13.9848,n.a.,1.5309,48.3669,n.a.,54.6684,P3,B,03/10,03,10,2026,1,04/17/26
P3A1 03/10/26,0.2873,14.218,n.a.,1.5558,47.9931,n.a.,53.1447,P3,A,03/10,03,10,2026,1,04/17/26
P2B1 03/10/26,0.232,22.0844,n.a.,1.53,6.3898,n.a.,36.4995,P2,B,03/10,03,10,2026,1,04/17/26
P1B1 03/10/26,0.2496,39.6291,n.a.,n.a.,12.4524,n.a.,33.8105,P1,B,03/10,03,10,2026,1,04/17/26
P1A1 03/10/26,0.3099,38.4735,n.a.,1.5303,13.3145,n.a.,33.6927,P1,A,03/10,03,10,2026,1,04/17/26
P3C1 10/07/25,0.2409,25.8815,n.a.,n.a.,9.635,n.a.,30.6054,P3,C,10/07,10,07,2025,1,04/17/26
P5C1 10/07/25,0.2298,26.3819,n.a.,n.a.,6.7219,n.a.,29.5356,P5,C,10/07,10,07,2025,1,04/17/26
P5C1 10/07/25,0.2416,26.9344,n.a.,n.a.,6.5742,n.a.,29.9864,P5,C,10/07,10,07,2025,1,04/17/26
P4B1 11/18/25,0.2237,22.928,n.a.,n.a.,2.538,n.a.,36.8958,P4,B,11/18,11,18,2025,1,04/17/26
P5C1 11/18/25,0.2556,22.2626,n.a.,n.a.,12.8245,1.1876,29.2807,P5,C,11/18,11,18,2025,1,04/17/26
P3A1 11/18/25,0.2493,14.0381,n.a.,1.5051,45.4954,n.a.,66.624,P3,A,11/18,11,18,2025,1,04/17/26
P4A1 11/18/25,0.2391,24.0528,n.a.,n.a.,3.5715,n.a.,38.0503,P4,A,11/18,11,18,2025,1,04/17/26
P2B1 11/18/25,0.2254,19.3298,n.a.,n.a.,5.1295,n.a.,38.8489,P2,B,11/18,11,18,2025,1,04/17/26
P5A1 11/18/25,0.2874,16.0761,n.a.,n.a.,2.5016,n.a.,45.8136,P5,A,11/18,11,18,2025,1,04/17/26
P3C1 11/18/25,0.268,21.096,n.a.,n.a.,12.3933,1.3279,28.6223,P3,C,11/18,11,18,2025,1,04/17/26
P2A1 11/18/25,0.2501,19.4606,n.a.,1.5643,5.9593,n.a.,38.3949,P2,A,11/18,11,18,2025,1,04/17/26
P3B1 11/18/25,0.2251,13.2827,n.a.,1.5575,44.6467,n.a.,66.0468,P3,B,11/18,11,18,2025,1,04/17/26
P5B1 11/18/25,0.288,14.9572,1.2944,n.a.,2.0422,n.a.,46.5002,P5,B,11/18,11,18,2025,1,04/17/26
P1A1 04/14/26,0.3247,36.7695,n.a.,n.a.,14.8523,n.a.,32.7606,P1,A,04/14,04,14,2026,1,04/17/26
P2B1 04/14/26,0.3618,24.2367,n.a.,n.a.,6.7248,n.a.,37.2096,P2,B,04/14,04,14,2026,1,04/17/26
P1C1 04/14/26,0.2664,25.5178,n.a.,n.a.,13.0543,n.a.,27.5471,P1,C,04/14,04,14,2026,1,04/17/26
P1B1 04/14/26,0.3412,44.5347,n.a.,n.a.,7.9794,n.a.,36.4584,P1,B,04/14,04,14,2026,1,04/17/26
P4B1 04/14/26,0.3381,31.4715,1.953,1.6631,2.2278,n.a.,41.6132,P4,B,04/14,04,14,2026,1,04/17/26
P5C1 04/14/26,0.2617,25.9179,n.a.,n.a.,11.2741,n.a.,26.1421,P5,C,04/14,04,14,2026,1,04/17/26
P3B1 04/14/26,0.3129,14.6359,n.a.,1.4843,52.9458,n.a.,53.6707,P3,B,04/14,04,14,2026,1,04/17/26
P3C1 04/14/26,0.2791,25.5609,n.a.,n.a.,12.3285,n.a.,27.2426,P3,C,04/14,04,14,2026,1,04/17/26
P2A2 04/14/26,0.342,22.9719,n.a.,1.5319,8.0327,n.a.,36.1066,P2,A,04/14,04,14,2026,2,04/17/26
P5B1 04/14/26,0.3534,15.9648,n.a.,n.a.,2.2808,n.a.,46.0476,P5,B,04/14,04,14,2026,1,04/17/26
P3A1 04/14/26,0.3054,14.1042,n.a.,1.4941,50.415,n.a.,52.4998,P3,A,04/14,04,14,2026,1,04/17/26
P5A1 04/14/26,0.4496,33.3065,n.a.,n.a.,6.6388,n.a.,35.191,P5,A,04/14,04,14,2026,1,04/17/26
P4A1 04/14/26,0.3362,31.5705,n.a.,n.a.,4.0769,n.a.,40.6503,P4,A,04/14,04,14,2026,1,04/17/26
P3B1 04/07/26,0.306,13.8883,n.a.,1.5231,51.1029,n.a.,52.429,P3,B,04/07,04,07,2026,1,04/17/26
P2B1 04/16,1.291,17.1043,n.a.,1.6222,n.a.,n.a.,12.3799,P2,B,04/16,04,16,2025,1,11/11/25
P2A1 04/16,n.a.,18.9423,n.a.,0.7741,5.3255,n.a.,28.4097,P2,A,04/16,04,16,2025,1,11/11/25
P2B1 04/21,n.a.,22.0895,n.a.,0.9882,5.174,n.a.,31.8231,P2,B,04/21,04,21,2025,1,11/11/25
P2A1 04/21,0.6827,24.3325,n.a.,0.878,5.0505,n.a.,42.2416,P2,A,04/21,04,21,2025,1,11/11/25
P2B1 04/28,0.826,27.0095,n.a.,n.a.,n.a.,n.a.,43.2727,P2,B,04/28,04,28,2025,1,11/11/25
P2A1 04/28,0.5208,30.2778,n.a.,n.a.,7.2015,n.a.,51.5202,P2,A,04/28,04,28,2025,1,11/11/25
P2B1 05/12,0.5338,25.5266,n.a.,1.6242,n.a.,n.a.,39.2885,P2,B,05/12,05,12,2025,1,11/11/25
P2B1 05/26,0.5403,24.2783,n.a.,n.a.,n.a.,n.a.,32.7539,P2,B,05/26,05,26,2025,1,11/11/25
P2A1 05/26,0.4915,25.8356,n.a.,0.9639,10.9124,n.a.,48.2382,P2,A,05/26,05,26,2025,1,11/11/25
P2B1 06/02,0.493,27.9046,n.a.,1.1882,0.3022,n.a.,41.5349,P2,B,06/02,06,02,2025,1,11/11/25
P2B1 09/16,0.5822,30.2275,n.a.,n.a.,n.a.,n.a.,17.8179,P2,B,09/16,09,16,2025,1,11/11/25
P2A1 09/16,0.5166,29.5683,n.a.,n.a.,7.4281,n.a.,56.4036,P2,A,09/16,09,16,2025,1,11/11/25
P2B1 09/30,0.5544,28.605,n.a.,n.a.,n.a.,n.a.,43.4511,P2,B,09/30,09,30,2025,1,11/11/25
P2A1 09/30,n.a.,30.5373,n.a.,n.a.,6.091,n.a.,56.5049,P2,A,09/30,09,30,2025,1,11/11/25
P2B1 10/07,0.504,29.3304,n.a.,n.a.,n.a.,n.a.,50.1791,P2,B,10/07,10,07,2025,1,11/11/25
P2A1 10/07,0.4964,26.6128,2.4373,1.0484,6.8102,n.a.,55.5132,P2,A,10/07,10,07,2025,1,11/11/25
P1B1 04/16,0.4948,59.9494,n.a.,n.a.,15.4963,n.a.,48.641,P1,B,04/16,04,16,2025,1,11/11/25
P1A1 04/16,0.4938,47.7573,n.a.,n.a.,14.9511,n.a.,38.2376,P1,A,04/16,04,16,2025,1,11/11/25
P1B1 04/21,0.4991,65.5375,n.a.,n.a.,15.1864,n.a.,53.1354,P1,B,04/21,04,21,2025,1,11/11/25
P1A1 04/21,0.502,57.681,n.a.,n.a.,17.7625,n.a.,47.7983,P1,A,04/21,04,21,2025,1,11/11/25
P1B1 04/28,0.4995,55.7313,n.a.,n.a.,16.3765,n.a.,49.4869,P1,B,04/28,04,28,2025,1,11/11/25
P1A1 04/28,n.a.,56.2408,n.a.,n.a.,17.2759,n.a.,44.0966,P1,A,04/28,04,28,2025,1,11/11/25