Date,Time,Pressure,Temperature
2026-02-03,13:27:09,10.1059,26.539
2026-02-03,13:42:09,10.1045,25.878
2026-02-03,13:57:09,10.1056,25.846
2026-02-03,14:12:09,10.1124,20.712
2026-02-03,14:27:09,10.1079,19.341
2026-02-03,14:42:09,10.1216,16.197
2026-02-03,14:57:09,10.1018,10.610
2026-02-03,15:12:09,10.8344,8.436
2026-02-03,15:27:09,10.8397,8.463
2026-02-03,15:42:09,10.8395,8.482
2026-02-03,15:57:09,10.8369,8.251
2026-02-03,16:12:09,10.8402,8.281
2026-02-03,16:27:09,10.8419,8.354
2026-02-03,16:42:09,10.8432,8.370
2026-02-03,16:57:09,10.8434,8.378
2026-02-03,17:12:09,10.8444,8.382
2026-02-03,17:27:09,10.8436,8.348
2026-02-03,17:42:09,10.8456,8.303
2026-02-03,17:57:09,10.8462,8.308
2026-02-03,18:12:09,10.8467,8.336
2026-02-03,18:27:09,10.8480,8.385
2026-02-03,18:42:09,10.8486,8.377
2026-02-03,18:57:09,10.8476,8.334
2026-02-03,19:12:09,10.8488,8.362
2026-02-03,19:27:09,10.8481,8.368
2026-02-03,19:42:09,10.8481,8.394
2026-02-03,19:57:09,10.8485,8.396
2026-02-03,20:12:09,10.8490,8.397
2026-02-03,20:27:09,10.8492,8.416
2026-02-03,20:42:09,10.8495,8.400
2026-02-03,20:57:09,10.8499,8.402
2026-02-03,21:12:09,10.8491,8.393
2026-02-03,21:27:09,10.8489,8.395
2026-02-03,21:42:09,10.8493,8.389
2026-02-03,21:57:09,10.8476,8.353
2026-02-03,22:12:09,10.8484,8.420
2026-02-03,22:27:09,10.8486,8.425
2026-02-03,22:42:09,10.8486,8.401
2026-02-03,22:57:09,10.8488,8.403
2026-02-03,23:12:09,10.8486,8.398
2026-02-03,23:27:09,10.8478,8.393
2026-02-03,23:42:09,10.8479,8.382
2026-02-03,23:57:09,10.8468,8.353
2026-02-04,00:12:09,10.8466,8.348
2026-02-04,00:27:09,10.8461,8.323
2026-02-04,00:42:09,10.8462,8.324
2026-02-04,00:57:09,10.8461,8.359
2026-02-04,01:12:09,10.8464,8.320
2026-02-04,01:27:09,10.8463,8.310
2026-02-04,01:42:09,10.8488,8.305
2026-02-04,01:57:09,10.8508,8.319
2026-02-04,02:12:09,10.8528,8.369
2026-02-04,02:27:09,10.8537,8.394
2026-02-04,02:42:09,10.8533,8.374
2026-02-04,02:57:09,10.8546,8.400
2026-02-04,03:12:09,10.8555,8.442
2026-02-04,03:27:09,10.8546,8.427
2026-02-04,03:42:09,10.8539,8.422
2026-02-04,03:57:09,10.8540,8.415
2026-02-04,04:12:09,10.8553,8.438
2026-02-04,04:27:09,10.8567,8.433
2026-02-04,04:42:09,10.8572,8.411
2026-02-04,04:57:09,10.8567,8.414
2026-02-04,05:12:09,10.8593,8.395
2026-02-04,05:27:09,10.8593,8.341
2026-02-04,05:42:09,10.8582,8.315
2026-02-04,05:57:09,10.8590,8.331
2026-02-04,06:12:09,10.8600,8.309
2026-02-04,06:27:09,10.8604,8.308
2026-02-04,06:42:09,10.8610,8.314
2026-02-04,06:57:09,10.8630,8.316
2026-02-04,07:12:09,10.8637,8.369
2026-02-04,07:27:09,10.8621,8.344
2026-02-04,07:42:09,10.8623,8.332
2026-02-04,07:57:09,10.8618,8.313
2026-02-04,08:12:09,10.8634,8.349
2026-02-04,08:27:09,10.8650,8.402
2026-02-04,08:42:09,10.8654,8.393
2026-02-04,08:57:09,10.8657,8.349
2026-02-04,09:12:09,10.8665,8.354
2026-02-04,09:27:09,10.8701,8.340
2026-02-04,09:42:09,10.8728,8.338
2026-02-04,09:57:09,10.8728,8.328
2026-02-04,10:12:09,10.8728,8.350
2026-02-04,10:27:09,10.8725,8.330
2026-02-04,10:42:09,10.8737,8.302
2026-02-04,10:57:09,10.8750,8.383
2026-02-04,11:12:09,10.8745,8.371
2026-02-04,11:27:09,10.8734,8.371
2026-02-04,11:42:09,10.8727,8.353
2026-02-04,11:57:09,10.8719,8.342
2026-02-04,12:12:09,10.8719,8.345
2026-02-04,12:27:09,10.8711,8.368
2026-02-04,12:42:09,10.8703,8.395
2026-02-04,12:57:09,10.8693,8.365
2026-02-04,13:12:09,10.8668,8.300
2026-02-04,13:27:09,10.8645,8.330
2026-02-04,13:42:09,10.8626,8.366
2026-02-04,13:57:09,10.8597,8.351
2026-02-04,14:12:09,10.8587,8.366
2026-02-04,14:27:09,10.8578,8.360
2026-02-04,14:42:09,10.8599,8.379
2026-02-04,14:57:09,10.8578,8.387
2026-02-04,15:12:09,10.8601,8.425
2026-02-04,15:27:09,10.8565,8.308
2026-02-04,15:42:09,10.8563,8.339
2026-02-04,15:57:09,10.8572,8.337
2026-02-04,16:12:09,10.8564,8.320
2026-02-04,16:27:09,10.8552,8.338
2026-02-04,16:42:09,10.8527,8.313
2026-02-04,16:57:09,10.8536,8.351
2026-02-04,17:12:09,10.8555,8.422
2026-02-04,17:27:09,10.8522,8.393
2026-02-04,17:42:09,10.8452,8.321
2026-02-04,17:57:09,10.8455,8.371
2026-02-04,18:12:09,10.8470,8.442
2026-02-04,18:27:09,10.8441,8.286
2026-02-04,18:42:09,10.8453,8.329
2026-02-04,18:57:09,10.8465,8.350
2026-02-04,19:12:09,10.8436,8.354
2026-02-04,19:27:09,10.8399,8.362
2026-02-04,19:42:09,10.8352,8.478
2026-02-04,19:57:09,10.8308,8.291
2026-02-04,20:12:09,10.8304,8.300
2026-02-04,20:27:09,10.8298,8.348
2026-02-04,20:42:09,10.8304,8.383
2026-02-04,20:57:09,10.8239,8.246
2026-02-04,21:12:09,10.8249,8.295
2026-02-04,21:27:09,10.8263,8.335
2026-02-04,21:42:09,10.8209,8.333
2026-02-04,21:57:09,10.8228,8.422
2026-02-04,22:12:09,10.8246,8.499
2026-02-04,22:27:09,10.8209,8.382
2026-02-04,22:42:09,10.8156,8.283
2026-02-04,22:57:09,10.8107,8.382
2026-02-04,23:12:09,10.8027,8.365
2026-02-04,23:27:09,10.7960,8.354
2026-02-04,23:42:09,10.7932,8.371
2026-02-04,23:57:09,10.7917,8.309
2026-02-05,00:12:09,10.7894,8.306
2026-02-05,00:27:09,10.7877,8.340
2026-02-05,00:42:09,10.7853,8.293
2026-02-05,00:57:09,10.7782,8.302
2026-02-05,01:12:09,10.7777,8.310
2026-02-05,01:27:09,10.7697,8.339
2026-02-05,01:42:09,10.7669,8.343
2026-02-05,01:57:09,10.7645,8.328
2026-02-05,02:12:09,10.7605,8.304
2026-02-05,02:27:09,10.7540,8.342
2026-02-05,02:42:09,10.7531,8.302
2026-02-05,02:57:09,10.7473,8.314
2026-02-05,03:12:09,10.7411,8.310
2026-02-05,03:27:09,10.7321,8.326
2026-02-05,03:42:09,10.7300,8.272
2026-02-05,03:57:09,10.7241,8.309
2026-02-05,04:12:09,10.7182,8.384
2026-02-05,04:27:09,10.7149,8.400
2026-02-05,04:42:09,10.7093,8.356
2026-02-05,04:57:09,10.7071,8.303
2026-02-05,05:12:09,10.7075,8.314
2026-02-05,05:27:09,10.7087,8.321
2026-02-05,05:42:09,10.7069,8.323
2026-02-05,05:57:09,10.7090,8.325
2026-02-05,06:12:09,10.7090,8.304
2026-02-05,06:27:09,10.7057,8.297
2026-02-05,06:42:09,10.7039,8.273
2026-02-05,06:57:09,10.7046,8.347
2026-02-05,07:12:09,10.7050,8.345
2026-02-05,07:27:09,10.7051,8.353
2026-02-05,07:42:09,10.7023,8.458
2026-02-05,07:57:09,10.6972,8.321
2026-02-05,08:12:09,10.6948,8.306
2026-02-05,08:27:09,10.6911,8.343
2026-02-05,08:42:09,10.6888,8.352
2026-02-05,08:57:09,10.6889,8.315
2026-02-05,09:12:09,10.6899,8.296
2026-02-05,09:27:09,10.6892,8.275
2026-02-05,09:42:09,10.6914,8.358
2026-02-05,09:57:09,10.6907,8.346
2026-02-05,10:12:09,10.6898,8.318
2026-02-05,10:27:09,10.6905,8.354
2026-02-05,10:42:09,10.6891,8.294
2026-02-05,10:57:09,10.6903,8.324
2026-02-05,11:12:09,10.6896,8.301
2026-02-05,11:27:09,10.6919,8.380
2026-02-05,11:42:09,10.6916,8.406
2026-02-05,11:57:09,10.6903,8.370
2026-02-05,12:12:09,10.6905,8.335
2026-02-05,12:27:09,10.6887,8.329
2026-02-05,12:42:09,10.6883,8.314
2026-02-05,12:57:09,10.6889,8.339
2026-02-05,13:12:09,10.6869,8.333
2026-02-05,13:27:09,10.6852,8.313
2026-02-05,13:42:09,10.6842,8.348
2026-02-05,13:57:09,10.6826,8.327
2026-02-05,14:12:09,10.6811,8.279
2026-02-05,14:27:09,10.6823,8.302
2026-02-05,14:42:09,10.6826,8.301
2026-02-05,14:57:09,10.6825,8.320
2026-02-05,15:12:09,10.6813,8.298
2026-02-05,15:27:09,10.6795,8.267
2026-02-05,15:42:09,10.6770,8.299
2026-02-05,15:57:09,10.6780,8.352
2026-02-05,16:12:09,10.6782,8.329
2026-02-05,16:27:09,10.6772,8.302
2026-02-05,16:42:09,10.6772,8.296
2026-02-05,16:57:09,10.6770,8.324
2026-02-05,17:12:09,10.6752,8.308
2026-02-05,17:27:09,10.6741,8.329
2026-02-05,17:42:09,10.6707,8.279
2026-02-05,17:57:09,10.6707,8.255
2026-02-05,18:12:09,10.6727,8.332
2026-02-05,18:27:09,10.6727,8.327
2026-02-05,18:42:09,10.6725,8.290
2026-02-05,18:57:09,10.6714,8.317
2026-02-05,19:12:09,10.6684,8.406
2026-02-05,19:27:09,10.6638,8.366
2026-02-05,19:42:09,10.6620,8.349
2026-02-05,19:57:09,10.6597,8.350
2026-02-05,20:12:09,10.6558,8.289
2026-02-05,20:27:09,10.6538,8.309
2026-02-05,20:42:09,10.6511,8.305
2026-02-05,20:57:09,10.6504,8.283
2026-02-05,21:12:09,10.6501,8.337
2026-02-05,21:27:09,10.6484,8.348
2026-02-05,21:42:09,10.6456,8.333
2026-02-05,21:57:09,10.6448,8.302
2026-02-05,22:12:09,10.6450,8.296
2026-02-05,22:27:09,10.6429,8.302
2026-02-05,22:42:09,10.6415,8.249
2026-02-05,22:57:09,10.6368,8.216
2026-02-05,23:12:09,10.6321,8.268
2026-02-05,23:27:09,10.6310,8.266
2026-02-05,23:42:09,10.6320,8.261
2026-02-05,23:57:09,10.6302,8.283
2026-02-06,00:12:09,10.6280,8.324
2026-02-06,00:27:09,10.6296,8.334
2026-02-06,00:42:09,10.6309,8.279
2026-02-06,00:57:09,10.6302,8.292
2026-02-06,01:12:09,10.6316,8.294
2026-02-06,01:27:09,10.6358,8.290
2026-02-06,01:42:09,10.6406,8.347
2026-02-06,01:57:09,10.6435,8.373
2026-02-06,02:12:09,10.6447,8.382
2026-02-06,02:27:09,10.6496,8.377
2026-02-06,02:42:09,10.6537,8.379
2026-02-06,02:57:09,10.6559,8.415
2026-02-06,03:12:09,10.6583,8.393
2026-02-06,03:27:09,10.6599,8.384
2026-02-06,03:42:09,10.6623,8.358
2026-02-06,03:57:09,10.6656,8.378
2026-02-06,04:12:09,10.6696,8.356
2026-02-06,04:27:09,10.6746,8.369
2026-02-06,04:42:09,10.6797,8.322
2026-02-06,04:57:09,10.6837,8.301
2026-02-06,05:12:09,10.6886,8.306
2026-02-06,05:27:09,10.6912,8.286
2026-02-06,05:42:09,10.6938,8.269
2026-02-06,05:57:09,10.6956,8.248
2026-02-06,06:12:09,10.6993,8.289
2026-02-06,06:27:09,10.7028,8.317
2026-02-06,06:42:09,10.7060,8.323
2026-02-06,06:57:09,10.7090,8.303
2026-02-06,07:12:09,10.7118,8.336
2026-02-06,07:27:09,10.7150,8.362
2026-02-06,07:42:09,10.7184,8.372
2026-02-06,07:57:09,10.7206,8.330
2026-02-06,08:12:09,10.7243,8.292
2026-02-06,08:27:09,10.7265,8.284
2026-02-06,08:42:09,10.7298,8.268
2026-02-06,08:57:09,10.7334,8.309
2026-02-06,09:12:09,10.7368,8.300
2026-02-06,09:27:09,10.7377,8.323
2026-02-06,09:42:09,10.7398,8.331
2026-02-06,09:57:09,10.7438,8.344
2026-02-06,10:12:09,10.7461,8.363
2026-02-06,10:27:09,10.7484,8.359
2026-02-06,10:42:09,10.7512,8.325
2026-02-06,10:57:09,10.7531,8.270
2026-02-06,11:12:09,10.7562,8.269
2026-02-06,11:27:09,10.7589,8.280
2026-02-06,11:42:09,10.7607,8.331
2026-02-06,11:57:09,10.7614,8.331
2026-02-06,12:12:09,10.7625,8.295
2026-02-06,12:27:09,10.7647,8.261
2026-02-06,12:42:09,10.7662,8.265
2026-02-06,12:57:09,10.7668,8.301
2026-02-06,13:12:09,10.7675,8.345
2026-02-06,13:27:09,10.7678,8.364
2026-02-06,13:42:09,10.7677,8.351
2026-02-06,13:57:09,10.7703,8.409
2026-02-06,14:12:09,10.7712,8.275
2026-02-06,14:27:09,10.7769,8.284
2026-02-06,14:42:09,10.7789,8.347
2026-02-06,14:57:09,10.7801,8.367
2026-02-06,15:12:09,10.7812,8.354
2026-02-06,15:27:09,10.7844,8.322
2026-02-06,15:42:09,10.7865,8.312
2026-02-06,15:57:09,10.7899,8.326
2026-02-06,16:12:09,10.7920,8.341
2026-02-06,16:27:09,10.7954,8.352
2026-02-06,16:42:09,10.7984,8.395
2026-02-06,16:57:09,10.8025,8.299
2026-02-06,17:12:09,10.8044,8.278
2026-02-06,17:27:09,10.8059,8.304
2026-02-06,17:42:09,10.8089,8.313
2026-02-06,17:57:09,10.8119,8.255
2026-02-06,18:12:09,10.8153,8.343
2026-02-06,18:27:09,10.8189,8.253
2026-02-06,18:42:09,10.8214,8.298
2026-02-06,18:57:09,10.8233,8.349
2026-02-06,19:12:09,10.8240,8.362
2026-02-06,19:27:09,10.8250,8.344
2026-02-06,19:42:09,10.8252,8.359
2026-02-06,19:57:09,10.8265,8.365
2026-02-06,20:12:09,10.8271,8.339
2026-02-06,20:27:09,10.8284,8.346
2026-02-06,20:42:09,10.8302,8.351
2026-02-06,20:57:09,10.8339,8.345
2026-02-06,21:12:09,10.8350,8.308
2026-02-06,21:27:09,10.8363,8.252
2026-02-06,21:42:09,10.8381,8.274
2026-02-06,21:57:09,10.8393,8.324
2026-02-06,22:12:09,10.8394,8.288
2026-02-06,22:27:09,10.8407,8.285
2026-02-06,22:42:09,10.8401,8.295
2026-02-06,22:57:09,10.8419,8.335
2026-02-06,23:12:09,10.8451,8.363
2026-02-06,23:27:09,10.8465,8.377
2026-02-06,23:42:09,10.8450,8.335
2026-02-06,23:57:09,10.8457,8.279
2026-02-07,00:12:09,10.8462,8.256
2026-02-07,00:27:09,10.8481,8.300
2026-02-07,00:42:09,10.8512,8.307
2026-02-07,00:57:09,10.8523,8.310
2026-02-07,01:12:09,10.8574,8.273
2026-02-07,01:27:09,10.8579,8.311
2026-02-07,01:42:09,10.8558,8.268
2026-02-07,01:57:09,10.8561,8.267
2026-02-07,02:12:09,10.8559,8.272
2026-02-07,02:27:09,10.8551,8.273
2026-02-07,02:42:09,10.8543,8.249
2026-02-07,02:57:09,10.8551,8.244
2026-02-07,03:12:09,10.8546,8.264
2026-02-07,03:27:09,10.8535,8.252
2026-02-07,03:42:09,10.8529,8.261
2026-02-07,03:57:09,10.8522,8.265
2026-02-07,04:12:09,10.8520,8.237
2026-02-07,04:27:09,10.8533,8.276
2026-02-07,04:42:09,10.8531,8.243
2026-02-07,04:57:09,10.8526,8.246
2026-02-07,05:12:09,10.8539,8.260
2026-02-07,05:27:09,10.8537,8.258
2026-02-07,05:42:09,10.8541,8.199
2026-02-07,05:57:09,10.8544,8.206
2026-02-07,06:12:09,10.8574,8.285
2026-02-07,06:27:09,10.8582,8.303
2026-02-07,06:42:09,10.8575,8.260
2026-02-07,06:57:09,10.8577,8.284
2026-02-07,07:12:09,10.8581,8.356
2026-02-07,07:27:09,10.8566,8.331
2026-02-07,07:42:09,10.8563,8.328
2026-02-07,07:57:09,10.8563,8.323
2026-02-07,08:12:09,10.8558,8.299
2026-02-07,08:27:09,10.8547,8.254
2026-02-07,08:42:09,10.8550,8.218
2026-02-07,08:57:09,10.8555,8.306
2026-02-07,09:12:09,10.8548,8.311
2026-02-07,09:27:09,10.8540,8.290
2026-02-07,09:42:09,10.8525,8.269
2026-02-07,09:57:09,10.8529,8.323
2026-02-07,10:12:09,10.8533,8.331
2026-02-07,10:27:09,10.8532,8.345
2026-02-07,10:42:09,10.8504,8.292
2026-02-07,10:57:09,10.8506,8.272
2026-02-07,11:12:09,10.8506,8.315
2026-02-07,11:27:09,10.8494,8.343
2026-02-07,11:42:09,10.8469,8.337
2026-02-07,11:57:09,10.8453,8.315
2026-02-07,12:12:09,10.8422,8.268
2026-02-07,12:27:09,10.8403,8.266
2026-02-07,12:42:09,10.8386,8.281
2026-02-07,12:57:09,10.8357,8.247
2026-02-07,13:12:09,10.8344,8.275
2026-02-07,13:27:09,10.8326,8.341
2026-02-07,13:42:09,10.8321,8.341
2026-02-07,13:57:09,10.8292,8.331
2026-02-07,14:12:09,10.8251,8.327
2026-02-07,14:27:09,10.8205,8.367
2026-02-07,14:42:09,10.8166,8.358
2026-02-07,14:57:09,10.8138,8.344
2026-02-07,15:12:09,10.8119,8.333
2026-02-07,15:27:09,10.8106,8.335
2026-02-07,15:42:09,10.8089,8.359
2026-02-07,15:57:09,10.8063,8.345
2026-02-07,16:12:09,10.8058,8.323
2026-02-07,16:27:09,10.8052,8.310
2026-02-07,16:42:09,10.8056,8.333
2026-02-07,16:57:09,10.8046,8.346
2026-02-07,17:12:09,10.8037,8.337
2026-02-07,17:27:09,10.8019,8.290
2026-02-07,17:42:09,10.7998,8.264
2026-02-07,17:57:09,10.7994,8.276
2026-02-07,18:12:09,10.8001,8.320
2026-02-07,18:27:09,10.8010,8.323
2026-02-07,18:42:09,10.8020,8.340
2026-02-07,18:57:09,10.8022,8.347
2026-02-07,19:12:09,10.8010,8.331
2026-02-07,19:27:09,10.7997,8.292
2026-02-07,19:42:09,10.8000,8.277
2026-02-07,19:57:09,10.7994,8.276
2026-02-07,20:12:09,10.7976,8.228
2026-02-07,20:27:09,10.7983,8.308
2026-02-07,20:42:09,10.7977,8.280
2026-02-07,20:57:09,10.7978,8.249
2026-02-07,21:12:09,10.7979,8.253
2026-02-07,21:27:09,10.7980,8.252
2026-02-07,21:42:09,10.7979,8.277
2026-02-07,21:57:09,10.7974,8.279
2026-02-07,22:12:09,10.7977,8.310
2026-02-07,22:27:09,10.7980,8.345
2026-02-07,22:42:09,10.7963,8.348
2026-02-07,22:57:09,10.7937,8.349
2026-02-07,23:12:09,10.7938,8.341
2026-02-07,23:27:09,10.7916,8.291
2026-02-07,23:42:09,10.7903,8.247
2026-02-07,23:57:09,10.7909,8.273
2026-02-08,00:12:09,10.7879,8.316
2026-02-08,00:27:09,10.7876,8.317
2026-02-08,00:42:09,10.7865,8.297
2026-02-08,00:57:09,10.7848,8.248
2026-02-08,01:12:09,10.7842,8.268
2026-02-08,01:27:09,10.7845,8.309
2026-02-08,01:42:09,10.7830,8.351
2026-02-08,01:57:09,10.7825,8.337
2026-02-08,02:12:09,10.7818,8.330
2026-02-08,02:27:09,10.7813,8.329
2026-02-08,02:42:09,10.7804,8.332
2026-02-08,02:57:09,10.7798,8.353
2026-02-08,03:12:09,10.7778,8.335
2026-02-08,03:27:09,10.7765,8.320
2026-02-08,03:42:09,10.7746,8.332
2026-02-08,03:57:09,10.7748,8.338
2026-02-08,04:12:09,10.7741,8.293
2026-02-08,04:27:09,10.7731,8.241
2026-02-08,04:42:09,10.7732,8.235
2026-02-08,04:57:09,10.7745,8.256
2026-02-08,05:12:09,10.7756,8.263
2026-02-08,05:27:09,10.7782,8.254
2026-02-08,05:42:09,10.7796,8.223
2026-02-08,05:57:09,10.7791,8.266
2026-02-08,06:12:09,10.7792,8.275
2026-02-08,06:27:09,10.7806,8.323
2026-02-08,06:42:09,10.7813,8.337
2026-02-08,06:57:09,10.7812,8.341
2026-02-08,07:12:09,10.7804,8.333
2026-02-08,07:27:09,10.7810,8.315
2026-02-08,07:42:09,10.7817,8.323
2026-02-08,07:57:09,10.7832,8.307
2026-02-08,08:12:09,10.7832,8.232
2026-02-08,08:27:09,10.7838,8.264
2026-02-08,08:42:09,10.7845,8.298
2026-02-08,08:57:09,10.7852,8.309
2026-02-08,09:12:09,10.7860,8.270
2026-02-08,09:27:09,10.7886,8.375
2026-02-08,09:42:09,10.7882,8.351
2026-02-08,09:57:09,10.7884,8.369
2026-02-08,10:12:09,10.7871,8.322
2026-02-08,10:27:09,10.7863,8.323
2026-02-08,10:42:09,10.7881,8.287
2026-02-08,10:57:09,10.7888,8.240
2026-02-08,11:12:09,10.7877,8.219
2026-02-08,11:27:09,10.7887,8.227
2026-02-08,11:42:09,10.7878,8.234
2026-02-08,11:57:09,10.7870,8.249
2026-02-08,12:12:09,10.7862,8.260
2026-02-08,12:27:09,10.7861,8.288
2026-02-08,12:42:09,10.7855,8.236
2026-02-08,12:57:09,10.7854,8.255
2026-02-08,13:12:09,10.7861,8.312
2026-02-08,13:27:09,10.7863,8.336
2026-02-08,13:42:09,10.7843,8.330
2026-02-08,13:57:09,10.7832,8.316
2026-02-08,14:12:09,10.7830,8.319
2026-02-08,14:27:09,10.7823,8.319
2026-02-08,14:42:09,10.7818,8.319
2026-02-08,14:57:09,10.7820,8.329
2026-02-08,15:12:09,10.7810,8.332
2026-02-08,15:27:09,10.7799,8.325
2026-02-08,15:42:09,10.7798,8.313
2026-02-08,15:57:09,10.7796,8.324
2026-02-08,16:12:09,10.7779,8.305
2026-02-08,16:27:09,10.7779,8.300
2026-02-08,16:42:09,10.7764,8.227
2026-02-08,16:57:09,10.7785,8.252
2026-02-08,17:12:09,10.7804,8.311
2026-02-08,17:27:09,10.7799,8.299
2026-02-08,17:42:09,10.7809,8.302
2026-02-08,17:57:09,10.7817,8.306
2026-02-08,18:12:09,10.7805,8.294
2026-02-08,18:27:09,10.7791,8.205
2026-02-08,18:42:09,10.7818,8.246
2026-02-08,18:57:09,10.7822,8.286
2026-02-08,19:12:09,10.7816,8.289
2026-02-08,19:27:09,10.7867,8.298
2026-02-08,19:42:09,10.7876,8.311
2026-02-08,19:57:09,10.7885,8.335
2026-02-08,20:12:09,10.7831,8.323
2026-02-08,20:27:09,10.7808,8.301
2026-02-08,20:42:09,10.7812,8.333
2026-02-08,20:57:09,10.7808,8.310
2026-02-08,21:12:09,10.7780,8.231
2026-02-08,21:27:09,10.7762,8.203
2026-02-08,21:42:09,10.7754,8.250
2026-02-08,21:57:09,10.7728,8.257
2026-02-08,22:12:09,10.7720,8.284
2026-02-08,22:27:09,10.7698,8.275
2026-02-08,22:42:09,10.7680,8.240
2026-02-08,22:57:09,10.7719,8.240
2026-02-08,23:12:09,10.7692,8.220
2026-02-08,23:27:09,10.7680,8.222
2026-02-08,23:42:09,10.7687,8.280
2026-02-08,23:57:09,10.7672,8.231
2026-02-09,00:12:09,10.7654,8.223
2026-02-09,00:27:09,10.7661,8.283
2026-02-09,00:42:09,10.7642,8.318
2026-02-09,00:57:09,10.7649,8.303
2026-02-09,01:12:09,10.7653,8.315
2026-02-09,01:27:09,10.7659,8.335
2026-02-09,01:42:09,10.7647,8.336
2026-02-09,01:57:09,10.7629,8.310
2026-02-09,02:12:09,10.7622,8.301
2026-02-09,02:27:09,10.7635,8.315
2026-02-09,02:42:09,10.7619,8.293
2026-02-09,02:57:09,10.7615,8.343
2026-02-09,03:12:09,10.7600,8.341
2026-02-09,03:27:09,10.7535,8.333
2026-02-09,03:42:09,10.7527,8.322
2026-02-09,03:57:09,10.7490,8.307
2026-02-09,04:12:09,10.7464,8.274
2026-02-09,04:27:09,10.7438,8.276
2026-02-09,04:42:09,10.7428,8.244
2026-02-09,04:57:09,10.7413,8.281
2026-02-09,05:12:09,10.7398,8.299
2026-02-09,05:27:09,10.7375,8.309
2026-02-09,05:42:09,10.7347,8.314
2026-02-09,05:57:09,10.7312,8.329
2026-02-09,06:12:09,10.7309,8.320
2026-02-09,06:27:09,10.7303,8.274
2026-02-09,06:42:09,10.7291,8.245
2026-02-09,06:57:09,10.7297,8.284
2026-02-09,07:12:09,10.7296,8.307
2026-02-09,07:27:09,10.7285,8.307
2026-02-09,07:42:09,10.7282,8.293
2026-02-09,07:57:09,10.7266,8.251
2026-02-09,08:12:09,10.7258,8.229
2026-02-09,08:27:09,10.7255,8.273
2026-02-09,08:42:09,10.7228,8.288
2026-02-09,08:57:09,10.7204,8.268
2026-02-09,09:12:09,10.7182,8.210
2026-02-09,09:27:09,10.7143,8.236
2026-02-09,09:42:09,10.7150,8.265
2026-02-09,09:57:09,10.7110,8.254
2026-02-09,10:12:09,10.7090,8.193
2026-02-09,10:27:09,10.7101,8.230
2026-02-09,10:42:09,10.7093,8.258
2026-02-09,10:57:09,10.7075,8.198
2026-02-09,11:12:09,10.7070,8.182
2026-02-09,11:27:09,10.7056,8.261
2026-02-09,11:42:09,10.7032,8.323
2026-02-09,11:57:09,10.7001,8.313
2026-02-09,12:12:09,10.6952,8.249
2026-02-09,12:27:09,10.6907,8.234
2026-02-09,12:42:09,10.6858,8.208
2026-02-09,12:57:09,10.6846,8.197
2026-02-09,13:12:09,10.6842,8.229
2026-02-09,13:27:09,10.6860,8.255
2026-02-09,13:42:09,10.6844,8.294
2026-02-09,13:57:09,10.6804,8.286
2026-02-09,14:12:09,10.6735,8.264
2026-02-09,14:27:09,10.6707,8.198
2026-02-09,14:42:09,10.6719,8.228
2026-02-09,14:57:09,10.6717,8.236
2026-02-09,15:12:09,10.6719,8.224
2026-02-09,15:27:09,10.6706,8.217
2026-02-09,15:42:09,10.6711,8.184
2026-02-09,15:57:09,10.6717,8.223
2026-02-09,16:12:09,10.6715,8.278
2026-02-09,16:27:09,10.6708,8.278
2026-02-09,16:42:09,10.6713,8.292
2026-02-09,16:57:09,10.6685,8.286
2026-02-09,17:12:09,10.6667,8.268
2026-02-09,17:27:09,10.6668,8.217
2026-02-09,17:42:09,10.6678,8.237
2026-02-09,17:57:09,10.6692,8.252
2026-02-09,18:12:09,10.6710,8.206
2026-02-09,18:27:09,10.6699,8.233
2026-02-09,18:42:09,10.6713,8.262
2026-02-09,18:57:09,10.6723,8.240
2026-02-09,19:12:09,10.6727,8.207
2026-02-09,19:27:09,10.6738,8.264
2026-02-09,19:42:09,10.6743,8.242
2026-02-09,19:57:09,10.6729,8.200
2026-02-09,20:12:09,10.6767,8.188
2026-02-09,20:27:09,10.6741,8.211
2026-02-09,20:42:09,10.6823,8.252
2026-02-09,20:57:09,10.6772,8.253
2026-02-09,21:12:09,10.6795,8.270
2026-02-09,21:27:09,10.6778,8.286
2026-02-09,21:42:09,10.6779,8.264
2026-02-09,21:57:09,10.6799,8.262
2026-02-09,22:12:09,10.6804,8.239
2026-02-09,22:27:09,10.6842,8.265
2026-02-09,22:42:09,10.6831,8.259
2026-02-09,22:57:09,10.6808,8.197
2026-02-09,23:12:09,10.6814,8.235
2026-02-09,23:27:09,10.6827,8.269
2026-02-09,23:42:09,10.6836,8.231
2026-02-09,23:57:09,10.6845,8.168
2026-02-10,00:12:09,10.6887,8.217
2026-02-10,00:27:09,10.6893,8.215
2026-02-10,00:42:09,10.6894,8.191
2026-02-10,00:57:09,10.6915,8.192
2026-02-10,01:12:09,10.6916,8.158
2026-02-10,01:27:09,10.6929,8.217
2026-02-10,01:42:09,10.6929,8.220
2026-02-10,01:57:09,10.6926,8.197
2026-02-10,02:12:09,10.6913,8.193
2026-02-10,02:27:09,10.6930,8.244
2026-02-10,02:42:09,10.6957,8.283
2026-02-10,02:57:09,10.6992,8.298
2026-02-10,03:12:09,10.6967,8.269
2026-02-10,03:27:09,10.6969,8.219
2026-02-10,03:42:09,10.7036,8.299
2026-02-10,03:57:09,10.7017,8.293
2026-02-10,04:12:09,10.7034,8.271
2026-02-10,04:27:09,10.7032,8.266
2026-02-10,04:42:09,10.7028,8.220
2026-02-10,04:57:09,10.7037,8.202
2026-02-10,05:12:09,10.7043,8.215
2026-02-10,05:27:09,10.7051,8.259
2026-02-10,05:42:09,10.7055,8.265
2026-02-10,05:57:09,10.7100,8.282
2026-02-10,06:12:09,10.7097,8.296
2026-02-10,06:27:09,10.7114,8.294
2026-02-10,06:42:09,10.7135,8.289
2026-02-10,06:57:09,10.7158,8.288
2026-02-10,07:12:09,10.7181,8.281
2026-02-10,07:27:09,10.7226,8.264
2026-02-10,07:42:09,10.7249,8.238
2026-02-10,07:57:09,10.7276,8.252
2026-02-10,08:12:09,10.7294,8.234
2026-02-10,08:27:09,10.7296,8.181
2026-02-10,08:42:09,10.7296,8.227
2026-02-10,08:57:09,10.7302,8.232
2026-02-10,09:12:09,10.7317,8.205
2026-02-10,09:27:09,10.7323,8.192
2026-02-10,09:42:09,10.7332,8.220
2026-02-10,09:57:09,10.7331,8.206
2026-02-10,10:12:09,10.7350,8.277
2026-02-10,10:27:09,10.7361,8.334
2026-02-10,10:42:09,10.7365,8.311
2026-02-10,10:57:09,10.7391,8.288
2026-02-10,11:12:09,10.7441,8.277
2026-02-10,11:27:09,10.7466,8.289
2026-02-10,11:42:09,10.7454,8.265
2026-02-10,11:57:09,10.7447,8.212
2026-02-10,12:12:09,10.7454,8.241
2026-02-10,12:27:09,10.7459,8.248
2026-02-10,12:42:09,10.7472,8.293
2026-02-10,12:57:09,10.7465,8.291
2026-02-10,13:12:09,10.7466,8.291
2026-02-10,13:27:09,10.7473,8.290
2026-02-10,13:42:09,10.7473,8.270
2026-02-10,13:57:09,10.7488,8.283
2026-02-10,14:12:09,10.7488,8.275
2026-02-10,14:27:09,10.7490,8.237
2026-02-10,14:42:09,10.7493,8.199
2026-02-10,14:57:09,10.7529,8.208
2026-02-10,15:12:09,10.7527,8.177
2026-02-10,15:27:09,10.7549,8.239
2026-02-10,15:42:09,10.7546,8.240
2026-02-10,15:57:09,10.7549,8.194
2026-02-10,16:12:09,10.7567,8.215
2026-02-10,16:27:09,10.7607,8.211
2026-02-10,16:42:09,10.7663,8.256
2026-02-10,16:57:09,10.7697,8.281
2026-02-10,17:12:09,10.7718,8.286
2026-02-10,17:27:09,10.7720,8.286
2026-02-10,17:42:09,10.7712,8.254
2026-02-10,17:57:09,10.7707,8.196
2026-02-10,18:12:09,10.7719,8.246
2026-02-10,18:27:09,10.7735,8.292
2026-02-10,18:42:09,10.7750,8.288
2026-02-10,18:57:09,10.7750,8.297
2026-02-10,19:12:09,10.7758,8.286
2026-02-10,19:27:09,10.7759,8.264
2026-02-10,19:42:09,10.7845,8.228
2026-02-10,19:57:09,10.7876,8.276
2026-02-10,20:12:09,10.7885,8.293
2026-02-10,20:27:09,10.7890,8.278
2026-02-10,20:42:09,10.7959,8.290
2026-02-10,20:57:09,10.7967,8.299
2026-02-10,21:12:09,10.7962,8.288
2026-02-10,21:27:09,10.7962,8.286
2026-02-10,21:42:09,10.7950,8.227
2026-02-10,21:57:09,10.7953,8.194
2026-02-10,22:12:09,10.7954,8.226
2026-02-10,22:27:09,10.7944,8.195
2026-02-10,22:42:09,10.7954,8.200
2026-02-10,22:57:09,10.7945,8.235
2026-02-10,23:12:09,10.7944,8.189
2026-02-10,23:27:09,10.7954,8.216
2026-02-10,23:42:09,10.7960,8.225
2026-02-10,23:57:09,10.7960,8.195
2026-02-11,00:12:09,10.7962,8.204
2026-02-11,00:27:09,10.7972,8.252
2026-02-11,00:42:09,10.7972,8.258
2026-02-11,00:57:09,10.7975,8.270
2026-02-11,01:12:09,10.7974,8.274
2026-02-11,01:27:09,10.7981,8.272
2026-02-11,01:42:09,10.7977,8.259
2026-02-11,01:57:09,10.7983,8.253
2026-02-11,02:12:09,10.7986,8.196
2026-02-11,02:27:09,10.7992,8.180
2026-02-11,02:42:09,10.7992,8.232
2026-02-11,02:57:09,10.7979,8.187
2026-02-11,03:12:09,10.7989,8.200
2026-02-11,03:27:09,10.7996,8.241
2026-02-11,03:42:09,10.8007,8.258
2026-02-11,03:57:09,10.8076,8.253
2026-02-11,04:12:09,10.8078,8.234
2026-02-11,04:27:09,10.8098,8.211
2026-02-11,04:42:09,10.8115,8.251
2026-02-11,04:57:09,10.8130,8.268
2026-02-11,05:12:09,10.8111,8.265
2026-02-11,05:27:09,10.8084,8.287
2026-02-11,05:42:09,10.8087,8.251
2026-02-11,05:57:09,10.8083,8.206
2026-02-11,06:12:09,10.8095,8.240
2026-02-11,06:27:09,10.8106,8.213
2026-02-11,06:42:09,10.8114,8.184
2026-02-11,06:57:09,10.8134,8.241
2026-02-11,07:12:09,10.8150,8.214
2026-02-11,07:27:09,10.8149,8.267
2026-02-11,07:42:09,10.8154,8.248
2026-02-11,07:57:09,10.8145,8.191
2026-02-11,08:12:09,10.8154,8.228
2026-02-11,08:27:09,10.8164,8.264
2026-02-11,08:42:09,10.8165,8.254
2026-02-11,08:57:09,10.8181,8.249
2026-02-11,09:12:09,10.8195,8.297
2026-02-11,09:27:09,10.8189,8.267
2026-02-11,09:42:09,10.8177,8.250
2026-02-11,09:57:09,10.8185,8.204
2026-02-11,10:12:09,10.8191,8.245
2026-02-11,10:27:09,10.8195,8.255
2026-02-11,10:42:09,10.8201,8.261
2026-02-11,10:57:09,10.8210,8.264
2026-02-11,11:12:09,10.8195,8.270
2026-02-11,11:27:09,10.8182,8.253
2026-02-11,11:42:09,10.8172,8.192
2026-02-11,11:57:09,10.8161,8.177
2026-02-11,12:12:09,10.8149,8.190
2026-02-11,12:27:09,10.8134,8.240
2026-02-11,12:42:09,10.8117,8.252
2026-02-11,12:57:09,10.8104,8.255
2026-02-11,13:12:09,10.8110,8.255
2026-02-11,13:27:09,10.8089,8.264
2026-02-11,13:42:09,10.8083,8.251
2026-02-11,13:57:09,10.8083,8.217
2026-02-11,14:12:09,10.8067,8.188
2026-02-11,14:27:09,10.8071,8.176
2026-02-11,14:42:09,10.8061,8.183
2026-02-11,14:57:09,10.8044,8.152
2026-02-11,15:12:09,10.8045,8.188
2026-02-11,15:27:09,10.8040,8.262
2026-02-11,15:42:09,10.8032,8.283
2026-02-11,15:57:09,10.8025,8.276
2026-02-11,16:12:09,10.8022,8.274
2026-02-11,16:27:09,10.8031,8.272
2026-02-11,16:42:09,10.8031,8.278
2026-02-11,16:57:09,10.8042,8.269
2026-02-11,17:12:09,10.8045,8.272
2026-02-11,17:27:09,10.8043,8.230
2026-02-11,17:42:09,10.8033,8.200
2026-02-11,17:57:09,10.8043,8.188
2026-02-11,18:12:09,10.8044,8.204
2026-02-11,18:27:09,10.8034,8.182
2026-02-11,18:42:09,10.8019,8.157
2026-02-11,18:57:09,10.8021,8.220
2026-02-11,19:12:09,10.8017,8.169
2026-02-11,19:27:09,10.8020,8.151
2026-02-11,19:42:09,10.8026,8.189
2026-02-11,19:57:09,10.8022,8.223
2026-02-11,20:12:09,10.8020,8.222
2026-02-11,20:27:09,10.8021,8.204
2026-02-11,20:42:09,10.8020,8.199
2026-02-11,20:57:09,10.8043,8.202
2026-02-11,21:12:09,10.8053,8.229
2026-02-11,21:27:09,10.8055,8.245
2026-02-11,21:42:09,10.8060,8.251
2026-02-11,21:57:09,10.8066,8.233
2026-02-11,22:12:09,10.8062,8.179
2026-02-11,22:27:09,10.8058,8.170
2026-02-11,22:42:09,10.8048,8.164
2026-02-11,22:57:09,10.8042,8.225
2026-02-11,23:12:09,10.8032,8.236
2026-02-11,23:27:09,10.8025,8.231
2026-02-11,23:42:09,10.8023,8.203
2026-02-11,23:57:09,10.8029,8.168
2026-02-12,00:12:09,10.8021,8.178
2026-02-12,00:27:09,10.8015,8.176
2026-02-12,00:42:09,10.8014,8.213
2026-02-12,00:57:09,10.8010,8.228
2026-02-12,01:12:09,10.8003,8.275
2026-02-12,01:27:09,10.7997,8.278
2026-02-12,01:42:09,10.7999,8.294
2026-02-12,01:57:09,10.7994,8.276
2026-02-12,02:12:09,10.7991,8.267
2026-02-12,02:27:09,10.7982,8.263
2026-02-12,02:42:09,10.7973,8.269
2026-02-12,02:57:09,10.7956,8.265
2026-02-12,03:12:09,10.7939,8.259
2026-02-12,03:27:09,10.7924,8.287
2026-02-12,03:42:09,10.7911,8.264
2026-02-12,03:57:09,10.7928,8.240
2026-02-12,04:12:09,10.7916,8.179
2026-02-12,04:27:09,10.7920,8.178
2026-02-12,04:42:09,10.7915,8.198
2026-02-12,04:57:09,10.7922,8.190
2026-02-12,05:12:09,10.7909,8.194
2026-02-12,05:27:09,10.7905,8.174
2026-02-12,05:42:09,10.7911,8.188
2026-02-12,05:57:09,10.7906,8.248
2026-02-12,06:12:09,10.7902,8.228
2026-02-12,06:27:09,10.7895,8.191
2026-02-12,06:42:09,10.7902,8.174
2026-02-12,06:57:09,10.7906,8.240
2026-02-12,07:12:09,10.7914,8.224
2026-02-12,07:27:09,10.7931,8.226
2026-02-12,07:42:09,10.7944,8.258
2026-02-12,07:57:09,10.7949,8.251
2026-02-12,08:12:09,10.7948,8.278
2026-02-12,08:27:09,10.7951,8.293
2026-02-12,08:42:09,10.7955,8.278
2026-02-12,08:57:09,10.7946,8.268
2026-02-12,09:12:09,10.7946,8.256
2026-02-12,09:27:09,10.7945,8.236
2026-02-12,09:42:09,10.7951,8.220
2026-02-12,09:57:09,10.7961,8.194
2026-02-12,10:12:09,10.7966,8.174
2026-02-12,10:27:09,10.7961,8.200
2026-02-12,10:42:09,10.7943,8.200
2026-02-12,10:57:09,10.7946,8.209
2026-02-12,11:12:09,10.7932,8.143
2026-02-12,11:27:09,10.7932,8.148
2026-02-12,11:42:09,10.7908,8.221
2026-02-12,11:57:09,10.7887,8.222
2026-02-12,12:12:09,10.7863,8.218
2026-02-12,12:27:09,10.7839,8.172
2026-02-12,12:42:09,10.7822,8.211
2026-02-12,12:57:09,10.7794,8.181
2026-02-12,13:12:09,10.7781,8.210
2026-02-12,13:27:09,10.7766,8.221
2026-02-12,13:42:09,10.7749,8.229
2026-02-12,13:57:09,10.7733,8.227
2026-02-12,14:12:09,10.7728,8.242
2026-02-12,14:27:09,10.7716,8.250
2026-02-12,14:42:09,10.7709,8.228
2026-02-12,14:57:09,10.7720,8.244
2026-02-12,15:12:09,10.7720,8.210
2026-02-12,15:27:09,10.7722,8.174
2026-02-12,15:42:09,10.7710,8.141
2026-02-12,15:57:09,10.7722,8.247
2026-02-12,16:12:09,10.7709,8.251
2026-02-12,16:27:09,10.7701,8.234
2026-02-12,16:42:09,10.7716,8.236
2026-02-12,16:57:09,10.7724,8.244
2026-02-12,17:12:09,10.7733,8.303
2026-02-12,17:27:09,10.7735,8.253
2026-02-12,17:42:09,10.7756,8.255
2026-02-12,17:57:09,10.7753,8.210
2026-02-12,18:12:09,10.7759,8.173
2026-02-12,18:27:09,10.7752,8.182
2026-02-12,18:42:09,10.7762,8.157
2026-02-12,18:57:09,10.7768,8.177
2026-02-12,19:12:09,10.7769,8.173
2026-02-12,19:27:09,10.7778,8.171
2026-02-12,19:42:09,10.7746,8.199
2026-02-12,19:57:09,10.7741,8.267
2026-02-12,20:12:09,10.7736,8.173
2026-02-12,20:27:09,10.7750,8.153
2026-02-12,20:42:09,10.7749,8.186
2026-02-12,20:57:09,10.7763,8.170
2026-02-12,21:12:09,10.7773,8.138
2026-02-12,21:27:09,10.7772,8.118
2026-02-12,21:42:09,10.7764,8.177
2026-02-12,21:57:09,10.7765,8.190
2026-02-12,22:12:09,10.7758,8.155
2026-02-12,22:27:09,10.7753,8.132
2026-02-12,22:42:09,10.7747,8.151
2026-02-12,22:57:09,10.7736,8.131
2026-02-12,23:12:09,10.7729,8.163
2026-02-12,23:27:09,10.7703,8.158
2026-02-12,23:42:09,10.7699,8.182
2026-02-12,23:57:09,10.7708,8.199
2026-02-13,00:12:09,10.7716,8.223
2026-02-13,00:27:09,10.7713,8.260
2026-02-13,00:42:09,10.7712,8.246
2026-02-13,00:57:09,10.7691,8.232
2026-02-13,01:12:09,10.7688,8.188
2026-02-13,01:27:09,10.7681,8.187
2026-02-13,01:42:09,10.7679,8.178
2026-02-13,01:57:09,10.7681,8.193
2026-02-13,02:12:09,10.7671,8.157
2026-02-13,02:27:09,10.7654,8.168
2026-02-13,02:42:09,10.7633,8.141
2026-02-13,02:57:09,10.7616,8.117
2026-02-13,03:12:09,10.7606,8.151
2026-02-13,03:27:09,10.7593,8.221
2026-02-13,03:42:09,10.7580,8.247
2026-02-13,03:57:09,10.7551,8.249
2026-02-13,04:12:09,10.7539,8.235
2026-02-13,04:27:09,10.7534,8.240
2026-02-13,04:42:09,10.7521,8.243
2026-02-13,04:57:09,10.7528,8.241
2026-02-13,05:12:09,10.7526,8.256
2026-02-13,05:27:09,10.7524,8.235
2026-02-13,05:42:09,10.7542,8.251
2026-02-13,05:57:09,10.7549,8.239
2026-02-13,06:12:09,10.7558,8.181
2026-02-13,06:27:09,10.7569,8.201
2026-02-13,06:42:09,10.7573,8.171
2026-02-13,06:57:09,10.7564,8.142
2026-02-13,07:12:09,10.7562,8.154
2026-02-13,07:27:09,10.7552,8.151
2026-02-13,07:42:09,10.7550,8.158
2026-02-13,07:57:09,10.7550,8.166
2026-02-13,08:12:09,10.7571,8.161
2026-02-13,08:27:09,10.7577,8.167
2026-02-13,08:42:09,10.7565,8.220
2026-02-13,08:57:09,10.7567,8.221
2026-02-13,09:12:09,10.7561,8.238
2026-02-13,09:27:09,10.7552,8.239
2026-02-13,09:42:09,10.7570,8.233
2026-02-13,09:57:09,10.7568,8.237
2026-02-13,10:12:09,10.7562,8.217
2026-02-13,10:27:09,10.7557,8.224
2026-02-13,10:42:09,10.7555,8.184
2026-02-13,10:57:09,10.7553,8.166
2026-02-13,11:12:09,10.7548,8.162
2026-02-13,11:27:09,10.7540,8.224
2026-02-13,11:42:09,10.7533,8.226
2026-02-13,11:57:09,10.7514,8.246
2026-02-13,12:12:09,10.7504,8.251
2026-02-13,12:27:09,10.7486,8.264
2026-02-13,12:42:09,10.7473,8.254
2026-02-13,12:57:09,10.7463,8.225
2026-02-13,13:12:09,10.7448,8.227
2026-02-13,13:27:09,10.7431,8.218
2026-02-13,13:42:09,10.7408,8.166
2026-02-13,13:57:09,10.7406,8.172
2026-02-13,14:12:09,10.7409,8.155
2026-02-13,14:27:09,10.7420,8.227
2026-02-13,14:42:09,10.7431,8.236
2026-02-13,14:57:09,10.7434,8.219
2026-02-13,15:12:09,10.7437,8.206
2026-02-13,15:27:09,10.7443,8.187
2026-02-13,15:42:09,10.7453,8.194
2026-02-13,15:57:09,10.7451,8.145
2026-02-13,16:12:09,10.7456,8.144
2026-02-13,16:27:09,10.7456,8.162
2026-02-13,16:42:09,10.7451,8.183
2026-02-13,16:57:09,10.7441,8.184
2026-02-13,17:12:09,10.7441,8.156
2026-02-13,17:27:09,10.7441,8.140
2026-02-13,17:42:09,10.7442,8.130
2026-02-13,17:57:09,10.7440,8.152
2026-02-13,18:12:09,10.7432,8.152
2026-02-13,18:27:09,10.7426,8.169
2026-02-13,18:42:09,10.7423,8.177
2026-02-13,18:57:09,10.7423,8.142
2026-02-13,19:12:09,10.7425,8.185
2026-02-13,19:27:09,10.7433,8.150
2026-02-13,19:42:09,10.7433,8.162
2026-02-13,19:57:09,10.7443,8.206
2026-02-13,20:12:09,10.7449,8.191
2026-02-13,20:27:09,10.7450,8.135
2026-02-13,20:42:09,10.7461,8.094
2026-02-13,20:57:09,10.7463,8.221
2026-02-13,21:12:09,10.7463,8.203
2026-02-13,21:27:09,10.7467,8.159
2026-02-13,21:42:09,10.7466,8.170
2026-02-13,21:57:09,10.7475,8.133
2026-02-13,22:12:09,10.7460,8.126
2026-02-13,22:27:09,10.7462,8.136
2026-02-13,22:42:09,10.7454,8.142
2026-02-13,22:57:09,10.7460,8.183
2026-02-13,23:12:09,10.7470,8.179
2026-02-13,23:27:09,10.7455,8.188
2026-02-13,23:42:09,10.7437,8.165
2026-02-13,23:57:09,10.7432,8.195
2026-02-14,00:12:09,10.7417,8.223
2026-02-14,00:27:09,10.7404,8.226
2026-02-14,00:42:09,10.7399,8.231
2026-02-14,00:57:09,10.7381,8.223
2026-02-14,01:12:09,10.7367,8.219
2026-02-14,01:27:09,10.7363,8.217
2026-02-14,01:42:09,10.7363,8.213
2026-02-14,01:57:09,10.7355,8.212
2026-02-14,02:12:09,10.7339,8.230
2026-02-14,02:27:09,10.7315,8.206
2026-02-14,02:42:09,10.7294,8.168
2026-02-14,02:57:09,10.7255,8.145
2026-02-14,03:12:09,10.7241,8.189
2026-02-14,03:27:09,10.7226,8.223
2026-02-14,03:42:09,10.7190,8.225
2026-02-14,03:57:09,10.7179,8.206
2026-02-14,04:12:09,10.7168,8.180
2026-02-14,04:27:09,10.7169,8.199
2026-02-14,04:42:09,10.7171,8.210
2026-02-14,04:57:09,10.7157,8.168
2026-02-14,05:12:09,10.7151,8.183
2026-02-14,05:27:09,10.7148,8.171
2026-02-14,05:42:09,10.7149,8.135
2026-02-14,05:57:09,10.7145,8.161
2026-02-14,06:12:09,10.7137,8.142
2026-02-14,06:27:09,10.7132,8.138
2026-02-14,06:42:09,10.7135,8.161
2026-02-14,06:57:09,10.7140,8.153
2026-02-14,07:12:09,10.7143,8.154
2026-02-14,07:27:09,10.7144,8.163
2026-02-14,07:42:09,10.7149,8.161
2026-02-14,07:57:09,10.7149,8.104
2026-02-14,08:12:09,10.7143,8.132
2026-02-14,08:27:09,10.7145,8.165
2026-02-14,08:42:09,10.7145,8.204
2026-02-14,08:57:09,10.7128,8.133
2026-02-14,09:12:09,10.7120,8.106
2026-02-14,09:27:09,10.7131,8.161
2026-02-14,09:42:09,10.7143,8.213
2026-02-14,09:57:09,10.7137,8.225
2026-02-14,10:12:09,10.7121,8.231
2026-02-14,10:27:09,10.7120,8.253
2026-02-14,10:42:09,10.7103,8.201
2026-02-14,10:57:09,10.7106,8.257
2026-02-14,11:12:09,10.7090,8.214
2026-02-14,11:27:09,10.7079,8.187
2026-02-14,11:42:09,10.7077,8.196
2026-02-14,11:57:09,10.7068,8.207
2026-02-14,12:12:09,10.7057,8.204
2026-02-14,12:27:09,10.7047,8.204
2026-02-14,12:42:09,10.7046,8.214
2026-02-14,12:57:09,10.7042,8.250
2026-02-14,13:12:09,10.7021,8.242
2026-02-14,13:27:09,10.7013,8.224
2026-02-14,13:42:09,10.6999,8.161
2026-02-14,13:57:09,10.6990,8.163
2026-02-14,14:12:09,10.6997,8.154
2026-02-14,14:27:09,10.6990,8.116
2026-02-14,14:42:09,10.7005,8.115
2026-02-14,14:57:09,10.7013,8.163
2026-02-14,15:12:09,10.7014,8.150
2026-02-14,15:27:09,10.7034,8.195
2026-02-14,15:42:09,10.7043,8.206
2026-02-14,15:57:09,10.7052,8.200
2026-02-14,16:12:09,10.7044,8.172
2026-02-14,16:27:09,10.7050,8.159
2026-02-14,16:42:09,10.7057,8.183
2026-02-14,16:57:09,10.7058,8.199
2026-02-14,17:12:09,10.7068,8.227
2026-02-14,17:27:09,10.7062,8.189
2026-02-14,17:42:09,10.7057,8.176
2026-02-14,17:57:09,10.7051,8.130
2026-02-14,18:12:09,10.7053,8.128
2026-02-14,18:27:09,10.7051,8.144
2026-02-14,18:42:09,10.7057,8.110
2026-02-14,18:57:09,10.7072,8.170
2026-02-14,19:12:09,10.7083,8.197
2026-02-14,19:27:09,10.7089,8.243
2026-02-14,19:42:09,10.7078,8.221
2026-02-14,19:57:09,10.7072,8.220
2026-02-14,20:12:09,10.7071,8.223
2026-02-14,20:27:09,10.7059,8.208
2026-02-14,20:42:09,10.7062,8.177
2026-02-14,20:57:09,10.7051,8.102
2026-02-14,21:12:09,10.7055,8.142
2026-02-14,21:27:09,10.7051,8.120
2026-02-14,21:42:09,10.7036,8.129
2026-02-14,21:57:09,10.7082,8.127
2026-02-14,22:12:09,10.7102,8.140
2026-02-14,22:27:09,10.7101,8.175
2026-02-14,22:42:09,10.7115,8.143
2026-02-14,22:57:09,10.7120,8.136
2026-02-14,23:12:09,10.7117,8.137
2026-02-14,23:27:09,10.7111,8.155
2026-02-14,23:42:09,10.7113,8.216
2026-02-14,23:57:09,10.7091,8.177
2026-02-15,00:12:09,10.7098,8.150
2026-02-15,00:27:09,10.7100,8.181
2026-02-15,00:42:09,10.7124,8.134
2026-02-15,00:57:09,10.7114,8.136
2026-02-15,01:12:09,10.7124,8.147
2026-02-15,01:27:09,10.7123,8.131
2026-02-15,01:42:09,10.7098,8.148
2026-02-15,01:57:09,10.7107,8.190
2026-02-15,02:12:09,10.7082,8.182
2026-02-15,02:27:09,10.7094,8.201
2026-02-15,02:42:09,10.7117,8.235
2026-02-15,02:57:09,10.7113,8.233
2026-02-15,03:12:09,10.7102,8.216
2026-02-15,03:27:09,10.7104,8.219
2026-02-15,03:42:09,10.7115,8.222
2026-02-15,03:57:09,10.7112,8.200
2026-02-15,04:12:09,10.7097,8.190
2026-02-15,04:27:09,10.7116,8.152
2026-02-15,04:42:09,10.7137,8.161
2026-02-15,04:57:09,10.7125,8.182
2026-02-15,05:12:09,10.7122,8.199
2026-02-15,05:27:09,10.7125,8.171
2026-02-15,05:42:09,10.7120,8.150
2026-02-15,05:57:09,10.7136,8.184
2026-02-15,06:12:09,10.7148,8.202
2026-02-15,06:27:09,10.7160,8.203
2026-02-15,06:42:09,10.7164,8.227
2026-02-15,06:57:09,10.7160,8.231
2026-02-15,07:12:09,10.7160,8.221
2026-02-15,07:27:09,10.7179,8.255
2026-02-15,07:42:09,10.7196,8.240
2026-02-15,07:57:09,10.7195,8.222
2026-02-15,08:12:09,10.7207,8.221
2026-02-15,08:27:09,10.7194,8.213
2026-02-15,08:42:09,10.7208,8.221
2026-02-15,08:57:09,10.7193,8.147
2026-02-15,09:12:09,10.7181,8.115
2026-02-15,09:27:09,10.7197,8.192
2026-02-15,09:42:09,10.7186,8.182
2026-02-15,09:57:09,10.7183,8.163
2026-02-15,10:12:09,10.7183,8.132
2026-02-15,10:27:09,10.7182,8.134
2026-02-15,10:42:09,10.7177,8.195
2026-02-15,10:57:09,10.7174,8.208
2026-02-15,11:12:09,10.7175,8.226
2026-02-15,11:27:09,10.7165,8.229
2026-02-15,11:42:09,10.7148,8.182
2026-02-15,11:57:09,10.7131,8.133
2026-02-15,12:12:09,10.7107,8.112
2026-02-15,12:27:09,10.7082,8.134
2026-02-15,12:42:09,10.7063,8.134
2026-02-15,12:57:09,10.7055,8.120
2026-02-15,13:12:09,10.7045,8.129
2026-02-15,13:27:09,10.7034,8.155
2026-02-15,13:42:09,10.7022,8.121
2026-02-15,13:57:09,10.7017,8.177
2026-02-15,14:12:09,10.7008,8.134
2026-02-15,14:27:09,10.7004,8.093
2026-02-15,14:42:09,10.7001,8.081
2026-02-15,14:57:09,10.7013,8.129
2026-02-15,15:12:09,10.7026,8.138
2026-02-15,15:27:09,10.7033,8.168
2026-02-15,15:42:09,10.7039,8.200
2026-02-15,15:57:09,10.7041,8.202
2026-02-15,16:12:09,10.7039,8.214
2026-02-15,16:27:09,10.7041,8.221
2026-02-15,16:42:09,10.7034,8.197
2026-02-15,16:57:09,10.7030,8.125
2026-02-15,17:12:09,10.7022,8.147
2026-02-15,17:27:09,10.7015,8.108
2026-02-15,17:42:09,10.7021,8.168
2026-02-15,17:57:09,10.7018,8.190
2026-02-15,18:12:09,10.7014,8.196
2026-02-15,18:27:09,10.7009,8.143
2026-02-15,18:42:09,10.7006,8.127
2026-02-15,18:57:09,10.6982,8.165
2026-02-15,19:12:09,10.6971,8.207
2026-02-15,19:27:09,10.6979,8.217
2026-02-15,19:42:09,10.6965,8.205
2026-02-15,19:57:09,10.6970,8.209
2026-02-15,20:12:09,10.6974,8.188
2026-02-15,20:27:09,10.6972,8.185
2026-02-15,20:42:09,10.6970,8.166
2026-02-15,20:57:09,10.6941,8.151
2026-02-15,21:12:09,10.6915,8.159
2026-02-15,21:27:09,10.6873,8.101
2026-02-15,21:42:09,10.6830,8.124
2026-02-15,21:57:09,10.6811,8.127
2026-02-15,22:12:09,10.6804,8.184
2026-02-15,22:27:09,10.6785,8.150
2026-02-15,22:42:09,10.6771,8.141
2026-02-15,22:57:09,10.6754,8.125
2026-02-15,23:12:09,10.6748,8.167
2026-02-15,23:27:09,10.6722,8.114
2026-02-15,23:42:09,10.6723,8.153
2026-02-15,23:57:09,10.6720,8.188
2026-02-16,00:12:09,10.6714,8.212
2026-02-16,00:27:09,10.6706,8.211
2026-02-16,00:42:09,10.6680,8.211
2026-02-16,00:57:09,10.6643,8.193
2026-02-16,01:12:09,10.6618,8.206
2026-02-16,01:27:09,10.6612,8.235
2026-02-16,01:42:09,10.6604,8.216
2026-02-16,01:57:09,10.6595,8.200
2026-02-16,02:12:09,10.6577,8.181
2026-02-16,02:27:09,10.6569,8.215
2026-02-16,02:42:09,10.6562,8.214
2026-02-16,02:57:09,10.6550,8.156
2026-02-16,03:12:09,10.6534,8.105
2026-02-16,03:27:09,10.6538,8.116
2026-02-16,03:42:09,10.6552,8.134
2026-02-16,03:57:09,10.6555,8.145
2026-02-16,04:12:09,10.6551,8.116
2026-02-16,04:27:09,10.6581,8.127
2026-02-16,04:42:09,10.6592,8.131
2026-02-16,04:57:09,10.6606,8.100
2026-02-16,05:12:09,10.6641,8.194
2026-02-16,05:27:09,10.6655,8.187
2026-02-16,05:42:09,10.6662,8.195
2026-02-16,05:57:09,10.6692,8.188
2026-02-16,06:12:09,10.6703,8.182
2026-02-16,06:27:09,10.6718,8.211
2026-02-16,06:42:09,10.6716,8.207
2026-02-16,06:57:09,10.6725,8.202
2026-02-16,07:12:09,10.6740,8.192
2026-02-16,07:27:09,10.6757,8.192
2026-02-16,07:42:09,10.6755,8.162
2026-02-16,07:57:09,10.6749,8.082
2026-02-16,08:12:09,10.6770,8.140
2026-02-16,08:27:09,10.6765,8.104
2026-02-16,08:42:09,10.6787,8.166
2026-02-16,08:57:09,10.6785,8.110
2026-02-16,09:12:09,10.6844,8.129
2026-02-16,09:27:09,10.6869,8.094
2026-02-16,09:42:09,10.6870,8.130
2026-02-16,09:57:09,10.6867,8.147
2026-02-16,10:12:09,10.6875,8.120
2026-02-16,10:27:09,10.6910,8.175
2026-02-16,10:42:09,10.6929,8.151
2026-02-16,10:57:09,10.6950,8.141
2026-02-16,11:12:09,10.6959,8.172
2026-02-16,11:27:09,10.6966,8.153
2026-02-16,11:42:09,10.6973,8.127
2026-02-16,11:57:09,10.6968,8.130
2026-02-16,12:12:09,10.6951,8.183
2026-02-16,12:27:09,10.6958,8.199
2026-02-16,12:42:09,10.6954,8.195
2026-02-16,12:57:09,10.6952,8.176
2026-02-16,13:12:09,10.6943,8.170
2026-02-16,13:27:09,10.6944,8.120
2026-02-16,13:42:09,10.6953,8.135
2026-02-16,13:57:09,10.6970,8.115
2026-02-16,14:12:09,10.6980,8.119
2026-02-16,14:27:09,10.6991,8.174
2026-02-16,14:42:09,10.7004,8.141
2026-02-16,14:57:09,10.7011,8.172
2026-02-16,15:12:09,10.7032,8.202
2026-02-16,15:27:09,10.7043,8.185
2026-02-16,15:42:09,10.7054,8.164
2026-02-16,15:57:09,10.7059,8.209
2026-02-16,16:12:09,10.7079,8.223
2026-02-16,16:27:09,10.7096,8.211
2026-02-16,16:42:09,10.7113,8.170
2026-02-16,16:57:09,10.7129,8.085
2026-02-16,17:12:09,10.7134,8.111
2026-02-16,17:27:09,10.7149,8.153
2026-02-16,17:42:09,10.7156,8.197
2026-02-16,17:57:09,10.7157,8.195
2026-02-16,18:12:09,10.7179,8.172
2026-02-16,18:27:09,10.7183,8.155
2026-02-16,18:42:09,10.7178,8.196
2026-02-16,18:57:09,10.7196,8.184
2026-02-16,19:12:09,10.7197,8.183
2026-02-16,19:27:09,10.7201,8.201
2026-02-16,19:42:09,10.7203,8.180
2026-02-16,19:57:09,10.7219,8.197
2026-02-16,20:12:09,10.7234,8.148
2026-02-16,20:27:09,10.7233,8.130
2026-02-16,20:42:09,10.7236,8.181
2026-02-16,20:57:09,10.7235,8.204
2026-02-16,21:12:09,10.7240,8.199
2026-02-16,21:27:09,10.7227,8.184
2026-02-16,21:42:09,10.7218,8.188
2026-02-16,21:57:09,10.7208,8.182
2026-02-16,22:12:09,10.7200,8.179
2026-02-16,22:27:09,10.7179,8.200
2026-02-16,22:42:09,10.7179,8.186
2026-02-16,22:57:09,10.7159,8.120
2026-02-16,23:12:09,10.7144,8.139
2026-02-16,23:27:09,10.7172,8.143
2026-02-16,23:42:09,10.7179,8.120
2026-02-16,23:57:09,10.7176,8.101
2026-02-17,00:12:09,10.7170,8.145
2026-02-17,00:27:09,10.7166,8.120
2026-02-17,00:42:09,10.7172,8.136
2026-02-17,00:57:09,10.7158,8.095
2026-02-17,01:12:09,10.7139,8.107
2026-02-17,01:27:09,10.7132,8.113
2026-02-17,01:42:09,10.7127,8.082
2026-02-17,01:57:09,10.7119,8.091
2026-02-17,02:12:09,10.7107,8.111
2026-02-17,02:27:09,10.7092,8.184
2026-02-17,02:42:09,10.7078,8.166
2026-02-17,02:57:09,10.7041,8.092
2026-02-17,03:12:09,10.7028,8.125
2026-02-17,03:27:09,10.7007,8.138
2026-02-17,03:42:09,10.6987,8.135
2026-02-17,03:57:09,10.6961,8.106
2026-02-17,04:12:09,10.6947,8.125
2026-02-17,04:27:09,10.6939,8.083
2026-02-17,04:42:09,10.6901,8.102
2026-02-17,04:57:09,10.6876,8.052
2026-02-17,05:12:09,10.6874,8.053
2026-02-17,05:27:09,10.6862,8.080
2026-02-17,05:42:09,10.6868,8.041
2026-02-17,05:57:09,10.6878,8.083
2026-02-17,06:12:09,10.6848,8.141
2026-02-17,06:27:09,10.6832,8.102
2026-02-17,06:42:09,10.6844,8.128
2026-02-17,06:57:09,10.6867,8.064
2026-02-17,07:12:09,10.6845,8.101
2026-02-17,07:27:09,10.6804,8.120
2026-02-17,07:42:09,10.6796,8.139
2026-02-17,07:57:09,10.6790,8.137
2026-02-17,08:12:09,10.6785,8.163
2026-02-17,08:27:09,10.6790,8.166
2026-02-17,08:42:09,10.6758,8.186
2026-02-17,08:57:09,10.6779,8.178
2026-02-17,09:12:09,10.6766,8.175
2026-02-17,09:27:09,10.6713,8.159
2026-02-17,09:42:09,10.6712,8.151
2026-02-17,09:57:09,10.6666,8.140
2026-02-17,10:12:09,10.6634,8.136
2026-02-17,10:27:09,10.6540,8.087
2026-02-17,10:42:09,10.6522,8.090
2026-02-17,10:57:09,10.6507,8.113
2026-02-17,11:12:09,10.6498,8.089
2026-02-17,11:27:09,10.6496,8.136
2026-02-17,11:42:09,10.6496,8.155
2026-02-17,11:57:09,10.6481,8.178
2026-02-17,12:12:09,10.6468,8.181
2026-02-17,12:27:09,10.6456,8.197
2026-02-17,12:42:09,10.6422,8.172
