LAF,ST,AST,REV-ST,REV-AST,TMP,start_time,depth_m,datetime,label,leg,depth_ft
74.073,3241.33,2748.78,3706.66,3147.85,11.133,2026-07-06T00:10:30Z,65.073,2026-07-06T00:10:30Z,2026-07-06T00:10:00Z,down,213.49410131999997
74.073,3296.99,2798.44,3734.29,3176.49,11.136,2026-07-06T00:22:33Z,65.073,2026-07-06T00:22:33Z,2026-07-06T00:22:00Z,down,213.49410131999997
74.073,3292.01,2800.34,3799.08,3235.03,11.2,2026-07-06T00:34:37Z,65.073,2026-07-06T00:34:37Z,2026-07-06T00:34:00Z,down,213.49410131999997
74.073,3348.04,2849.86,3710.17,3161.71,11.092,2026-07-06T00:46:41Z,65.073,2026-07-06T00:46:41Z,2026-07-06T00:46:00Z,down,213.49410131999997
74.073,3226.05,2748.77,3755.27,3207.79,11.081,2026-07-06T00:58:43Z,65.073,2026-07-06T00:58:43Z,2026-07-06T00:58:00Z,down,213.49410131999997
74.073,3346.32,2858.24,3676.76,3144.49,11.158,2026-07-06T01:10:47Z,65.073,2026-07-06T01:10:47Z,2026-07-06T01:10:00Z,down,213.49410131999997
74.073,3341.92,2857.33,3802.5,3254.66,11.091,2026-07-06T01:22:50Z,65.073,2026-07-06T01:22:50Z,2026-07-06T01:22:00Z,down,213.49410131999997
74.073,3224.03,2758.83,3818.99,3272.26,10.99,2026-07-06T01:34:53Z,65.073,2026-07-06T01:34:53Z,2026-07-06T01:34:00Z,down,213.49410131999997
74.073,3296.82,2825.51,3763.67,3231.34,11.087,2026-07-06T01:46:57Z,65.073,2026-07-06T01:46:57Z,2026-07-06T01:46:00Z,down,213.49410131999997
74.073,3306.18,2840.01,3644.46,3133.34,11.123,2026-07-06T01:59:00Z,65.073,2026-07-06T01:59:00Z,2026-07-06T01:59:00Z,down,213.49410131999997
74.073,3392.93,2915.8,3751.19,3226.23,11.007,2026-07-06T02:11:04Z,65.073,2026-07-06T02:11:04Z,2026-07-06T02:11:00Z,down,213.49410131999997
74.073,3403.11,2927.8,3849.33,3317.26,11.04,2026-07-06T02:23:07Z,65.073,2026-07-06T02:23:07Z,2026-07-06T02:23:00Z,down,213.49410131999997
74.073,3329.48,2870.16,3871.79,3340.44,11.118,2026-07-06T02:35:10Z,65.073,2026-07-06T02:35:10Z,2026-07-06T02:35:00Z,down,213.49410131999997
74.073,3363.53,2900.67,3944.72,3405.2,11.025,2026-07-06T02:47:13Z,65.073,2026-07-06T02:47:13Z,2026-07-06T02:47:00Z,down,213.49410131999997
74.073,3470.99,2994.99,4080.61,3526,10.969,2026-07-06T02:59:16Z,65.073,2026-07-06T02:59:16Z,2026-07-06T02:59:00Z,down,213.49410131999997
74.073,3441.65,2975.01,3865.36,3345.33,11.12,2026-07-06T03:11:19Z,65.073,2026-07-06T03:11:19Z,2026-07-06T03:11:00Z,down,213.49410131999997
74.073,3471.66,3003.62,3968,3435.6,11.043,2026-07-06T03:23:23Z,65.073,2026-07-06T03:23:23Z,2026-07-06T03:23:00Z,down,213.49410131999997
74.073,3366.25,2914.09,3916.21,3392.38,10.99,2026-07-06T03:35:26Z,65.073,2026-07-06T03:35:26Z,2026-07-06T03:35:00Z,down,213.49410131999997
74.073,3357.57,2908.96,3929.84,3409.82,11.048,2026-07-06T03:47:30Z,65.073,2026-07-06T03:47:30Z,2026-07-06T03:47:00Z,down,213.49410131999997
74.073,3248.69,2818.86,3850.26,3341.88,11.069,2026-07-06T03:59:33Z,65.073,2026-07-06T03:59:33Z,2026-07-06T03:59:00Z,down,213.49410131999997
74.073,3499.16,3036.59,3850.72,3343.73,10.988,2026-07-06T04:11:36Z,65.073,2026-07-06T04:11:36Z,2026-07-06T04:11:00Z,down,213.49410131999997
74.073,3268.07,2837.91,3827.37,3325.24,10.936,2026-07-06T04:23:39Z,65.073,2026-07-06T04:23:39Z,2026-07-06T04:23:00Z,down,213.49410131999997
74.073,3284,2854.35,3746.92,3260.5,11.063,2026-07-06T04:35:42Z,65.073,2026-07-06T04:35:42Z,2026-07-06T04:35:00Z,down,213.49410131999997
74.073,3347.08,2913.08,3838.93,3341.69,11.05,2026-07-06T04:47:45Z,65.073,2026-07-06T04:47:45Z,2026-07-06T04:47:00Z,down,213.49410131999997
74.073,3345.98,2911.45,3815.99,3322.06,10.955,2026-07-06T04:59:48Z,65.073,2026-07-06T04:59:48Z,2026-07-06T04:59:00Z,down,213.49410131999997
74.073,3399.64,2959.19,3851.32,3357.94,10.98,2026-07-06T05:11:51Z,65.073,2026-07-06T05:11:51Z,2026-07-06T05:11:00Z,down,213.49410131999997
74.073,3173.86,2768.48,3692.93,3220.69,11.081,2026-07-06T05:23:54Z,65.073,2026-07-06T05:23:54Z,2026-07-06T05:23:00Z,down,213.49410131999997
74.073,3308.08,2885.3,3878.16,3383.46,10.968,2026-07-06T05:35:58Z,65.073,2026-07-06T05:35:58Z,2026-07-06T05:35:00Z,down,213.49410131999997
74.073,3217.38,2806.66,3656.02,3190.4,10.925,2026-07-06T05:48:01Z,65.073,2026-07-06T05:48:01Z,2026-07-06T05:48:00Z,down,213.49410131999997
74.073,3156.42,2755.23,3772.48,3295.39,10.954,2026-07-06T06:00:04Z,65.073,2026-07-06T06:00:04Z,2026-07-06T06:00:00Z,down,213.49410131999997
74.073,3314.25,2896.57,3693.86,3228.3,11.041,2026-07-06T06:12:06Z,65.073,2026-07-06T06:12:06Z,2026-07-06T06:12:00Z,down,213.49410131999997
74.073,3250.92,2840.92,3658.57,3196.15,10.946,2026-07-06T06:24:09Z,65.073,2026-07-06T06:24:09Z,2026-07-06T06:24:00Z,down,213.49410131999997
74.073,3232.38,2824.16,3797.03,3317.51,10.891,2026-07-06T06:36:12Z,65.073,2026-07-06T06:36:12Z,2026-07-06T06:36:00Z,down,213.49410131999997
74.073,3165.65,2768.26,3649.73,3194.29,11.019,2026-07-06T06:48:15Z,65.073,2026-07-06T06:48:15Z,2026-07-06T06:48:00Z,down,213.49410131999997
74.073,3167.79,2773.02,3672.07,3213.25,10.997,2026-07-06T07:00:19Z,65.073,2026-07-06T07:00:19Z,2026-07-06T07:00:00Z,down,213.49410131999997
74.073,3274.3,2865.71,3706.31,3243.24,10.911,2026-07-06T07:12:22Z,65.073,2026-07-06T07:12:22Z,2026-07-06T07:12:00Z,down,213.49410131999997
74.073,3153.69,2761.25,3604.77,3156.29,10.908,2026-07-06T07:24:24Z,65.073,2026-07-06T07:24:24Z,2026-07-06T07:24:00Z,down,213.49410131999997
74.073,3177.86,2783.54,3669.57,3212.8,10.896,2026-07-06T07:36:27Z,65.073,2026-07-06T07:36:27Z,2026-07-06T07:36:00Z,down,213.49410131999997
74.073,3345.64,2933.89,3816.01,3346.37,11.031,2026-07-06T07:48:30Z,65.073,2026-07-06T07:48:30Z,2026-07-06T07:48:00Z,down,213.49410131999997
74.073,3220.75,2824.88,3630.94,3182.89,10.963,2026-07-06T08:00:33Z,65.073,2026-07-06T08:00:33Z,2026-07-06T08:00:00Z,down,213.49410131999997
74.073,3171.96,2782.27,3657.18,3205.84,10.904,2026-07-06T08:12:36Z,65.073,2026-07-06T08:12:36Z,2026-07-06T08:12:00Z,down,213.49410131999997
74.073,3248.1,2848.67,3635.92,3187.12,10.889,2026-07-06T08:24:40Z,65.073,2026-07-06T08:24:40Z,2026-07-06T08:24:00Z,down,213.49410131999997
74.073,3180.7,2790.38,3890.09,3410.19,10.865,2026-07-06T08:36:42Z,65.073,2026-07-06T08:36:42Z,2026-07-06T08:36:00Z,down,213.49410131999997
74.073,3388.31,2973.71,3726.13,3271.27,10.947,2026-07-06T08:48:45Z,65.073,2026-07-06T08:48:45Z,2026-07-06T08:48:00Z,down,213.49410131999997
74.073,3290,2889.6,3792.47,3328.6,10.957,2026-07-06T09:00:48Z,65.073,2026-07-06T09:00:48Z,2026-07-06T09:00:00Z,down,213.49410131999997
74.073,3249.05,2852.34,3708.62,3254.75,10.891,2026-07-06T09:12:50Z,65.073,2026-07-06T09:12:50Z,2026-07-06T09:12:00Z,down,213.49410131999997
74.073,3222.39,2829.79,3886.28,3411.56,10.852,2026-07-06T09:24:54Z,65.073,2026-07-06T09:24:54Z,2026-07-06T09:24:00Z,down,213.49410131999997
74.073,3421.47,3005.97,3777.23,3317.97,10.913,2026-07-06T09:36:57Z,65.073,2026-07-06T09:36:57Z,2026-07-06T09:36:00Z,down,213.49410131999997
74.073,3348.71,2944.17,3864.96,3395.6,10.947,2026-07-06T09:49:01Z,65.073,2026-07-06T09:49:01Z,2026-07-06T09:49:00Z,down,213.49410131999997
74.073,3319.22,2918.02,3853.15,3385.64,10.887,2026-07-06T10:01:03Z,65.073,2026-07-06T10:01:03Z,2026-07-06T10:01:00Z,down,213.49410131999997
74.073,3305.38,2904.81,3832.64,3367.05,10.859,2026-07-06T10:13:07Z,65.073,2026-07-06T10:13:07Z,2026-07-06T10:13:00Z,down,213.49410131999997
74.073,3340.15,2936.49,3846.2,3378.73,10.857,2026-07-06T10:25:10Z,65.073,2026-07-06T10:25:10Z,2026-07-06T10:25:00Z,down,213.49410131999997
74.073,3308.26,2908.67,3835.02,3369.67,10.849,2026-07-06T10:37:13Z,65.073,2026-07-06T10:37:13Z,2026-07-06T10:37:00Z,down,213.49410131999997
74.073,3320.06,2918.98,3832.08,3367.97,10.871,2026-07-06T10:49:17Z,65.073,2026-07-06T10:49:17Z,2026-07-06T10:49:00Z,down,213.49410131999997
74.073,3329.76,2930.1,3808.15,3348.41,10.969,2026-07-06T11:01:19Z,65.073,2026-07-06T11:01:19Z,2026-07-06T11:01:00Z,down,213.49410131999997
74.073,3298.24,2901.62,3767.93,3311.65,10.907,2026-07-06T11:13:22Z,65.073,2026-07-06T11:13:22Z,2026-07-06T11:13:00Z,down,213.49410131999997
74.073,3304.58,2905.6,3846.25,3379.61,10.879,2026-07-06T11:25:26Z,65.073,2026-07-06T11:25:26Z,2026-07-06T11:25:00Z,down,213.49410131999997
74.073,3277.05,2881.66,3853.56,3385.28,10.855,2026-07-06T11:37:29Z,65.073,2026-07-06T11:37:29Z,2026-07-06T11:37:00Z,down,213.49410131999997
74.073,3301.24,2902.13,3779.12,3319.58,10.898,2026-07-06T11:49:32Z,65.073,2026-07-06T11:49:32Z,2026-07-06T11:49:00Z,down,213.49410131999997
74.073,3316.69,2915.75,3744.93,3290.4,10.958,2026-07-06T12:01:35Z,65.073,2026-07-06T12:01:35Z,2026-07-06T12:01:00Z,down,213.49410131999997
74.073,3334.63,2930.31,3845.07,3375.34,10.888,2026-07-06T12:13:38Z,65.073,2026-07-06T12:13:38Z,2026-07-06T12:13:00Z,down,213.49410131999997
74.073,3244.18,2849.72,3789.8,3326.68,10.893,2026-07-06T12:25:41Z,65.073,2026-07-06T12:25:41Z,2026-07-06T12:25:00Z,down,213.49410131999997
74.073,3315.77,2912.81,3882.55,3409.43,10.982,2026-07-06T12:37:44Z,65.073,2026-07-06T12:37:44Z,2026-07-06T12:37:00Z,down,213.49410131999997
74.073,3448.44,3029.14,3741.42,3283.17,10.968,2026-07-06T12:49:48Z,65.073,2026-07-06T12:49:48Z,2026-07-06T12:49:00Z,down,213.49410131999997
74.073,3182.78,2792.7,3671.72,3220.14,10.884,2026-07-06T13:01:51Z,65.073,2026-07-06T13:01:51Z,2026-07-06T13:01:00Z,down,213.49410131999997
74.073,3328.6,2920.99,3669.73,3221.02,10.993,2026-07-06T13:13:55Z,65.073,2026-07-06T13:13:55Z,2026-07-06T13:13:00Z,down,213.49410131999997
74.073,3161.67,2775.14,3789.45,3325.36,11.004,2026-07-06T13:25:58Z,65.073,2026-07-06T13:25:58Z,2026-07-06T13:25:00Z,down,213.49410131999997
74.073,3222.5,2826.8,3601.35,3158.01,10.93,2026-07-06T13:38:01Z,65.073,2026-07-06T13:38:01Z,2026-07-06T13:38:00Z,down,213.49410131999997
74.073,3219.63,2824.74,3632.69,3187.76,11.063,2026-07-06T13:50:05Z,65.073,2026-07-06T13:50:05Z,2026-07-06T13:50:00Z,down,213.49410131999997
74.073,3123.19,2739.47,3788.97,3320.02,11.011,2026-07-06T14:02:09Z,65.073,2026-07-06T14:02:09Z,2026-07-06T14:02:00Z,down,213.49410131999997
74.073,3175.43,2781.96,3612.13,3165.59,11.029,2026-07-06T14:14:13Z,65.073,2026-07-06T14:14:13Z,2026-07-06T14:14:00Z,down,213.49410131999997
74.073,3282.86,2877.21,3688.8,3230.54,11.077,2026-07-06T14:26:15Z,65.073,2026-07-06T14:26:15Z,2026-07-06T14:26:00Z,down,213.49410131999997
74.073,3170.99,2775.29,3609.48,3157.71,10.96,2026-07-06T14:38:18Z,65.073,2026-07-06T14:38:18Z,2026-07-06T14:38:00Z,down,213.49410131999997
74.073,3281.08,2869.35,3631.15,3177.87,10.988,2026-07-06T14:50:21Z,65.073,2026-07-06T14:50:21Z,2026-07-06T14:50:00Z,down,213.49410131999997
74.073,3154.82,2761.35,3814,3336.65,11.084,2026-07-06T15:02:24Z,65.073,2026-07-06T15:02:24Z,2026-07-06T15:02:00Z,down,213.49410131999997
74.073,3218.25,2813.13,3721.36,3251.71,11.012,2026-07-06T15:14:27Z,65.073,2026-07-06T15:14:27Z,2026-07-06T15:14:00Z,down,213.49410131999997
74.073,3349.3,2926.63,3647.98,3189.15,11.122,2026-07-06T15:26:29Z,65.073,2026-07-06T15:26:29Z,2026-07-06T15:26:00Z,down,213.49410131999997
74.073,3271.68,2856.71,3807.41,3322.37,11.037,2026-07-06T15:38:33Z,65.073,2026-07-06T15:38:33Z,2026-07-06T15:38:00Z,down,213.49410131999997
74.073,3210.87,2799.83,4006.8,3496.16,11.045,2026-07-06T15:50:36Z,65.073,2026-07-06T15:50:36Z,2026-07-06T15:50:00Z,down,213.49410131999997
74.073,3345.46,2916.98,3859.15,3363.63,11.12,2026-07-06T16:02:39Z,65.073,2026-07-06T16:02:39Z,2026-07-06T16:02:00Z,down,213.49410131999997
74.073,3329.07,2897.77,3848.04,3348.01,11.02,2026-07-06T16:14:43Z,65.073,2026-07-06T16:14:43Z,2026-07-06T16:14:00Z,down,213.49410131999997
74.073,3400.58,2955.96,3945.5,3429.74,11.02,2026-07-06T16:26:47Z,65.073,2026-07-06T16:26:47Z,2026-07-06T16:26:00Z,down,213.49410131999997
74.073,3395.08,2950.41,3955.85,3437.24,11.147,2026-07-06T16:38:50Z,65.073,2026-07-06T16:38:50Z,2026-07-06T16:38:00Z,down,213.49410131999997
74.073,3459.43,3000.83,3933.85,3411.39,11.068,2026-07-06T16:50:53Z,65.073,2026-07-06T16:50:53Z,2026-07-06T16:50:00Z,down,213.49410131999997
74.073,3419.83,2960.35,3860.38,3344.3,11.051,2026-07-06T17:02:56Z,65.073,2026-07-06T17:02:56Z,2026-07-06T17:02:00Z,down,213.49410131999997
74.073,3427.11,2965.34,3955.35,3423.36,11.162,2026-07-06T17:15:00Z,65.073,2026-07-06T17:15:00Z,2026-07-06T17:15:00Z,down,213.49410131999997
74.073,3333.47,2878.96,3802.76,3283.51,11.085,2026-07-06T17:27:03Z,65.073,2026-07-06T17:27:03Z,2026-07-06T17:27:00Z,down,213.49410131999997
74.073,3296,2840.13,3709.52,3200.59,11.085,2026-07-06T17:39:06Z,65.073,2026-07-06T17:39:06Z,2026-07-06T17:39:00Z,down,213.49410131999997
74.073,3228.34,2781.29,3725.19,3207.57,11.168,2026-07-06T17:51:08Z,65.073,2026-07-06T17:51:08Z,2026-07-06T17:51:00Z,down,213.49410131999997
74.073,3217.95,2765.72,3577.97,3075.05,11.075,2026-07-06T18:03:11Z,65.073,2026-07-06T18:03:11Z,2026-07-06T18:03:00Z,down,213.49410131999997
74.073,3237.9,2777.6,3649.89,3134.51,11.127,2026-07-06T18:15:15Z,65.073,2026-07-06T18:15:15Z,2026-07-06T18:15:00Z,down,213.49410131999997
74.073,3073.76,2635.48,3702.65,3176.25,11.185,2026-07-06T18:27:18Z,65.073,2026-07-06T18:27:18Z,2026-07-06T18:27:00Z,down,213.49410131999997
74.073,3266.92,2795.99,3810.97,3262.86,11.069,2026-07-06T18:39:22Z,65.073,2026-07-06T18:39:22Z,2026-07-06T18:39:00Z,down,213.49410131999997
74.073,3103.45,2653.38,3786.35,3241.64,11.124,2026-07-06T18:51:25Z,65.073,2026-07-06T18:51:25Z,2026-07-06T18:51:00Z,down,213.49410131999997
74.073,3299.41,2821.02,3622.99,3098.11,11.186,2026-07-06T19:03:28Z,65.073,2026-07-06T19:03:28Z,2026-07-06T19:03:00Z,down,213.49410131999997
74.073,3283.25,2803.19,3738.33,3192.79,11.109,2026-07-06T19:15:31Z,65.073,2026-07-06T19:15:31Z,2026-07-06T19:15:00Z,down,213.49410131999997
74.073,3175.89,2708.25,3424.28,2923.91,11.118,2026-07-06T19:27:35Z,65.073,2026-07-06T19:27:35Z,2026-07-06T19:27:00Z,down,213.49410131999997
74.073,3411.55,2909.96,3703.73,3161.39,11.211,2026-07-06T19:39:38Z,65.073,2026-07-06T19:39:38Z,2026-07-06T19:39:00Z,down,213.49410131999997
74.073,3210.3,2735.22,3623.92,3088.95,11.094,2026-07-06T19:51:42Z,65.073,2026-07-06T19:51:42Z,2026-07-06T19:51:00Z,down,213.49410131999997
74.073,3315.07,2824.5,3645.62,3109.21,11.226,2026-07-06T20:03:44Z,65.073,2026-07-06T20:03:44Z,2026-07-06T20:03:00Z,down,213.49410131999997
74.073,3217.71,2739.17,3644.72,3103.54,11.193,2026-07-06T20:15:47Z,65.073,2026-07-06T20:15:47Z,2026-07-06T20:15:00Z,down,213.49410131999997
74.073,3203.53,2723.39,3919.9,3334.19,11.094,2026-07-06T20:27:50Z,65.073,2026-07-06T20:27:50Z,2026-07-06T20:27:00Z,down,213.49410131999997
74.073,3279.9,2789.1,3578.37,3045.58,11.235,2026-07-06T20:39:53Z,65.073,2026-07-06T20:39:53Z,2026-07-06T20:39:00Z,down,213.49410131999997
74.073,3336.72,2835.27,3801.44,3231.37,11.199,2026-07-06T20:51:56Z,65.073,2026-07-06T20:51:56Z,2026-07-06T20:51:00Z,down,213.49410131999997
74.073,3168.65,2688.63,3503.3,2976.96,11.167,2026-07-06T21:04:00Z,65.073,2026-07-06T21:04:00Z,2026-07-06T21:04:00Z,down,213.49410131999997
74.073,3240.43,2750.91,3834.19,3255.96,11.241,2026-07-06T21:16:02Z,65.073,2026-07-06T21:16:02Z,2026-07-06T21:16:00Z,down,213.49410131999997
74.073,3164.1,2683.14,3631.95,3080.78,11.146,2026-07-06T21:28:05Z,65.073,2026-07-06T21:28:05Z,2026-07-06T21:28:00Z,down,213.49410131999997
74.073,3344.43,2836.2,3755.26,3186.81,11.277,2026-07-06T21:40:09Z,65.073,2026-07-06T21:40:09Z,2026-07-06T21:40:00Z,down,213.49410131999997
74.073,3375.47,2859.28,3620.03,3067.74,11.188,2026-07-06T21:52:11Z,65.073,2026-07-06T21:52:11Z,2026-07-06T21:52:00Z,down,213.49410131999997
74.073,3284.02,2779.43,3720.9,3154.64,11.218,2026-07-06T22:04:15Z,65.073,2026-07-06T22:04:15Z,2026-07-06T22:04:00Z,down,213.49410131999997
74.073,3145.33,2662.64,3635.5,3078.02,11.22,2026-07-06T22:16:18Z,65.073,2026-07-06T22:16:18Z,2026-07-06T22:16:00Z,down,213.49410131999997
74.073,3255.34,2750.85,3815.27,3225.68,11.135,2026-07-06T22:28:21Z,65.073,2026-07-06T22:28:21Z,2026-07-06T22:28:00Z,down,213.49410131999997
74.073,3289.1,2778.4,3677.14,3108.17,11.253,2026-07-06T22:40:24Z,65.073,2026-07-06T22:40:24Z,2026-07-06T22:40:00Z,down,213.49410131999997
74.073,3206.53,2703.95,3798.57,3203.78,11.161,2026-07-06T22:52:28Z,65.073,2026-07-06T22:52:28Z,2026-07-06T22:52:00Z,down,213.49410131999997
74.073,3247.29,2751.4,3729.43,3163,11.206,2026-07-07T05:00:00Z,65.073,2026-07-07T00:04:47Z,2026-07-07T05:04:00Z,down,213.49410131999997
74.073,3236.93,2743.42,3685.69,3129.08,11.106,2026-07-07T05:00:00Z,65.073,2026-07-07T00:16:50Z,2026-07-07T05:16:00Z,down,213.49410131999997
74.073,3275.2,2781.37,3745.85,3186.55,11.227,2026-07-07T05:00:00Z,65.073,2026-07-07T00:28:52Z,2026-07-07T05:28:00Z,down,213.49410131999997
74.073,3394.95,2885.53,3728.84,3173.74,11.111,2026-07-07T05:00:00Z,65.073,2026-07-07T00:40:56Z,2026-07-07T05:40:00Z,down,213.49410131999997
74.073,3282.18,2792.63,3835.67,3267.26,11.04,2026-07-07T05:00:00Z,65.073,2026-07-07T00:53:00Z,2026-07-07T05:53:00Z,down,213.49410131999997
74.073,3288.85,2800.35,3676.79,3136.44,11.058,2026-07-07T05:00:00Z,65.073,2026-07-07T01:05:03Z,2026-07-07T06:05:00Z,down,213.49410131999997
74.073,3325.49,2838.13,3730.56,3188.59,11.163,2026-07-07T05:00:00Z,65.073,2026-07-07T01:17:06Z,2026-07-07T06:17:00Z,down,213.49410131999997
74.073,3298.84,2820.81,3793.51,3247.66,11.225,2026-07-07T05:00:00Z,65.073,2026-07-07T01:29:10Z,2026-07-07T06:29:00Z,down,213.49410131999997
74.073,3251.3,2783.71,3831.98,3285.77,11.264,2026-07-07T05:00:00Z,65.073,2026-07-07T01:41:13Z,2026-07-07T06:41:00Z,down,213.49410131999997
74.073,3202.39,2745.42,3730.89,3203.13,11.27,2026-07-07T05:00:00Z,65.073,2026-07-07T01:53:17Z,2026-07-07T06:53:00Z,down,213.49410131999997
74.073,3378.51,2900.3,3752.76,3225.5,11.31,2026-07-07T05:00:00Z,65.073,2026-07-07T02:05:20Z,2026-07-07T07:05:00Z,down,213.49410131999997
74.073,3218.2,2764.92,3752.98,3229.89,11.282,2026-07-07T05:00:00Z,65.073,2026-07-07T02:17:23Z,2026-07-07T07:17:00Z,down,213.49410131999997
74.073,3341.93,2874.49,3783.66,3258.14,11.276,2026-07-07T05:00:00Z,65.073,2026-07-07T02:29:27Z,2026-07-07T07:29:00Z,down,213.49410131999997
74.073,3422.93,2947.38,3738.88,3222.8,11.287,2026-07-07T05:00:00Z,65.073,2026-07-07T02:41:31Z,2026-07-07T07:41:00Z,down,213.49410131999997
74.073,3478.97,2999.1,3863.77,3335.18,11.301,2026-07-07T05:00:00Z,65.073,2026-07-07T02:53:34Z,2026-07-07T07:53:00Z,down,213.49410131999997
74.073,3332.49,2875,3892.93,3362.01,11.278,2026-07-07T05:00:00Z,65.073,2026-07-07T03:05:38Z,2026-07-07T08:05:00Z,down,213.49410131999997
74.073,3351.57,2892.91,3910.65,3379.61,11.261,2026-07-07T05:00:00Z,65.073,2026-07-07T03:17:42Z,2026-07-07T08:17:00Z,down,213.49410131999997
74.073,3500.38,3022.27,3914.08,3384.58,11.263,2026-07-07T05:00:00Z,65.073,2026-07-07T03:29:44Z,2026-07-07T08:29:00Z,down,213.49410131999997
74.073,3475.32,3004.54,4008.89,3468.93,11.283,2026-07-07T05:00:00Z,65.073,2026-07-07T03:41:48Z,2026-07-07T08:41:00Z,down,213.49410131999997
74.073,3460.17,2993.06,4034.71,3493.44,11.253,2026-07-07T05:00:00Z,65.073,2026-07-07T03:53:50Z,2026-07-07T08:53:00Z,down,213.49410131999997
74.073,3376.56,2922.96,4043.29,3504.09,11.273,2026-07-07T05:00:00Z,65.073,2026-07-07T04:05:53Z,2026-07-07T09:05:00Z,down,213.49410131999997
74.073,3366.25,2917.6,3919.47,3399.03,11.275,2026-07-07T05:00:00Z,65.073,2026-07-07T04:17:57Z,2026-07-07T09:17:00Z,down,213.49410131999997
74.073,3459.95,3000.35,3903,3386.12,11.299,2026-07-07T05:00:00Z,65.073,2026-07-07T04:30:00Z,2026-07-07T09:30:00Z,down,213.49410131999997
74.073,3396.85,2945.74,3883.87,3371.84,11.269,2026-07-07T05:00:00Z,65.073,2026-07-07T04:42:04Z,2026-07-07T09:42:00Z,down,213.49410131999997
74.073,3539.35,3071.09,3812.87,3311.68,11.274,2026-07-07T05:00:00Z,65.073,2026-07-07T04:54:07Z,2026-07-07T09:54:00Z,down,213.49410131999997
74.073,3316.76,2879.79,3879.88,3372.32,11.251,2026-07-07T05:00:00Z,65.073,2026-07-07T05:06:11Z,2026-07-07T10:06:00Z,down,213.49410131999997
74.073,3459.72,3006.41,3754.24,3264.54,11.282,2026-07-07T05:00:00Z,65.073,2026-07-07T05:18:14Z,2026-07-07T10:18:00Z,down,213.49410131999997
74.073,3258.03,2831.91,4020.33,3495.44,11.281,2026-07-07T05:00:00Z,65.073,2026-07-07T05:30:18Z,2026-07-07T10:30:00Z,down,213.49410131999997
74.073,3332.86,2897,3855.81,3356.02,11.277,2026-07-07T05:00:00Z,65.073,2026-07-07T05:42:20Z,2026-07-07T10:42:00Z,down,213.49410131999997
74.073,3312.57,2882.49,3740.24,3256.27,11.293,2026-07-07T05:00:00Z,65.073,2026-07-07T05:54:23Z,2026-07-07T10:54:00Z,down,213.49410131999997
74.073,3349.16,2917.01,3808.46,3318.25,11.292,2026-07-07T05:00:00Z,65.073,2026-07-07T06:06:26Z,2026-07-07T11:06:00Z,down,213.49410131999997
74.073,3289.76,2866.82,3901.26,3401.77,11.262,2026-07-07T05:00:00Z,65.073,2026-07-07T06:18:29Z,2026-07-07T11:18:00Z,down,213.49410131999997
74.073,3245.08,2830.14,3731.64,3257.3,11.278,2026-07-07T05:00:00Z,65.073,2026-07-07T06:30:32Z,2026-07-07T11:30:00Z,down,213.49410131999997
74.073,3342.55,2918.16,3653.19,3191.55,11.271,2026-07-07T05:00:00Z,65.073,2026-07-07T06:42:36Z,2026-07-07T11:42:00Z,down,213.49410131999997
74.073,3188.42,2786.56,3794.53,3318.62,11.286,2026-07-07T05:00:00Z,65.073,2026-07-07T06:54:39Z,2026-07-07T11:54:00Z,down,213.49410131999997
74.073,3157.2,2761.86,3724.45,3259.68,11.269,2026-07-07T05:00:00Z,65.073,2026-07-07T07:06:42Z,2026-07-07T12:06:00Z,down,213.49410131999997
74.073,3208.52,2807.46,3774.96,3305.23,11.24,2026-07-07T05:00:00Z,65.073,2026-07-07T07:18:45Z,2026-07-07T12:18:00Z,down,213.49410131999997
74.073,3200.62,2803,3648.88,3196.18,11.237,2026-07-07T05:00:00Z,65.073,2026-07-07T07:30:49Z,2026-07-07T12:30:00Z,down,213.49410131999997
74.073,3251.66,2849.02,3676.9,3222.32,11.235,2026-07-07T05:00:00Z,65.073,2026-07-07T07:42:53Z,2026-07-07T12:42:00Z,down,213.49410131999997
74.073,3158.15,2769.02,3831.59,3358.47,11.238,2026-07-07T05:00:00Z,65.073,2026-07-07T07:54:56Z,2026-07-07T12:54:00Z,down,213.49410131999997
74.073,3222.43,2827.14,3591.02,3150.6,11.24,2026-07-07T05:00:00Z,65.073,2026-07-07T08:07:00Z,2026-07-07T13:07:00Z,down,213.49410131999997
74.073,3171.38,2784.49,3856.63,3385.1,11.227,2026-07-07T05:00:00Z,65.073,2026-07-07T08:19:03Z,2026-07-07T13:19:00Z,down,213.49410131999997
74.073,3269.29,2871.97,3765.73,3307.48,11.233,2026-07-07T05:00:00Z,65.073,2026-07-07T08:31:06Z,2026-07-07T13:31:00Z,down,213.49410131999997
74.073,3214.56,2825.12,3832.16,3366.62,11.21,2026-07-07T05:00:00Z,65.073,2026-07-07T08:43:09Z,2026-07-07T13:43:00Z,down,213.49410131999997
74.073,3355.91,2950.45,3856.79,3390.15,11.194,2026-07-07T05:00:00Z,65.073,2026-07-07T08:55:12Z,2026-07-07T13:55:00Z,down,213.49410131999997
74.073,3322.22,2921.8,3762.34,3309.39,11.196,2026-07-07T05:00:00Z,65.073,2026-07-07T09:07:15Z,2026-07-07T14:07:00Z,down,213.49410131999997
74.073,3356.38,2952.94,3930.92,3457.92,11.181,2026-07-07T05:00:00Z,65.073,2026-07-07T09:19:19Z,2026-07-07T14:19:00Z,down,213.49410131999997
74.073,3453.15,3039.84,3936.06,3463.06,11.192,2026-07-07T05:00:00Z,65.073,2026-07-07T09:31:22Z,2026-07-07T14:31:00Z,down,213.49410131999997
74.073,3374.48,2971.95,3759.46,3308.27,11.168,2026-07-07T05:00:00Z,65.073,2026-07-07T09:43:26Z,2026-07-07T14:43:00Z,down,213.49410131999997
74.073,3254.38,2866.34,3911.77,3443.59,11.195,2026-07-07T05:00:00Z,65.073,2026-07-07T09:55:29Z,2026-07-07T14:55:00Z,down,213.49410131999997
74.073,3297.84,2905.27,3798.6,3345.42,11.182,2026-07-07T05:00:00Z,65.073,2026-07-07T10:07:32Z,2026-07-07T15:07:00Z,down,213.49410131999997
74.073,3386.34,2984.98,3918.28,3450.93,11.172,2026-07-07T05:00:00Z,65.073,2026-07-07T10:19:36Z,2026-07-07T15:19:00Z,down,213.49410131999997
74.073,3514.64,3098.63,4097.55,3610.29,11.187,2026-07-07T05:00:00Z,65.073,2026-07-07T10:31:39Z,2026-07-07T15:31:00Z,down,213.49410131999997
74.073,3488.85,3075.88,3757.72,3310.19,11.162,2026-07-07T05:00:00Z,65.073,2026-07-07T10:43:42Z,2026-07-07T15:43:00Z,down,213.49410131999997
74.073,3197.17,2819.66,3782.94,3334.11,11.163,2026-07-07T05:00:00Z,65.073,2026-07-07T10:55:45Z,2026-07-07T15:55:00Z,down,213.49410131999997
74.073,3367.95,2971.15,3947.35,3479.89,11.181,2026-07-07T05:00:00Z,65.073,2026-07-07T11:07:48Z,2026-07-07T16:07:00Z,down,213.49410131999997
74.073,3369.81,2973.38,3890.55,3430,11.156,2026-07-07T05:00:00Z,65.073,2026-07-07T11:19:51Z,2026-07-07T16:19:00Z,down,213.49410131999997
74.073,3415.67,3014.11,3950.78,3482.13,11.163,2026-07-07T05:00:00Z,65.073,2026-07-07T11:31:54Z,2026-07-07T16:31:00Z,down,213.49410131999997
74.073,3425.69,3023.13,3897.07,3435.94,11.181,2026-07-07T05:00:00Z,65.073,2026-07-07T11:43:57Z,2026-07-07T16:43:00Z,down,213.49410131999997
74.073,3400.97,3000.14,3902.52,3439.7,11.169,2026-07-07T05:00:00Z,65.073,2026-07-07T11:56:01Z,2026-07-07T16:56:00Z,down,213.49410131999997
74.073,3301.81,2913.02,3696.07,3257.75,11.184,2026-07-07T05:00:00Z,65.073,2026-07-07T12:08:04Z,2026-07-07T17:08:00Z,down,213.49410131999997
74.073,3527.91,3111.94,4058.09,3575.72,11.174,2026-07-07T05:00:00Z,65.073,2026-07-07T12:20:07Z,2026-07-07T17:20:00Z,down,213.49410131999997
74.073,3373.63,2974.8,3915.82,3450.22,11.198,2026-07-07T05:00:00Z,65.073,2026-07-07T12:32:10Z,2026-07-07T17:32:00Z,down,213.49410131999997
74.073,3291.35,2901.76,3912.53,3444.03,11.187,2026-07-07T05:00:00Z,65.073,2026-07-07T12:44:14Z,2026-07-07T17:44:00Z,down,213.49410131999997
74.073,3481.62,3066.85,3831.04,3371.49,11.196,2026-07-07T05:00:00Z,65.073,2026-07-07T12:56:17Z,2026-07-07T17:56:00Z,down,213.49410131999997
74.073,3340.55,2942.51,3809.97,3352.73,11.214,2026-07-07T05:00:00Z,65.073,2026-07-07T13:08:20Z,2026-07-07T18:08:00Z,down,213.49410131999997
74.073,3335.83,2936.64,3852.14,3388.18,11.196,2026-07-07T05:00:00Z,65.073,2026-07-07T13:20:23Z,2026-07-07T18:20:00Z,down,213.49410131999997
74.073,3232.96,2845.95,3822.58,3361.93,11.201,2026-07-07T05:00:00Z,65.073,2026-07-07T13:32:26Z,2026-07-07T18:32:00Z,down,213.49410131999997
74.073,3237.75,2848.69,3943.56,3466.91,11.188,2026-07-07T05:00:00Z,65.073,2026-07-07T13:44:30Z,2026-07-07T18:44:00Z,down,213.49410131999997
74.073,3325.92,2925.35,3818.39,3356.99,11.202,2026-07-07T05:00:00Z,65.073,2026-07-07T13:56:33Z,2026-07-07T18:56:00Z,down,213.49410131999997
74.073,3180.14,2796.38,3764.35,3308.68,11.2,2026-07-07T05:00:00Z,65.073,2026-07-07T14:08:37Z,2026-07-07T19:08:00Z,down,213.49410131999997
74.073,3264.58,2869.87,3665.33,3223.09,11.183,2026-07-07T05:00:00Z,65.073,2026-07-07T14:20:40Z,2026-07-07T19:20:00Z,down,213.49410131999997
74.073,3217.93,2829.07,3761.3,3307.08,11.188,2026-07-07T05:00:00Z,65.073,2026-07-07T14:32:43Z,2026-07-07T19:32:00Z,down,213.49410131999997
74.073,3143.32,2762.58,3711.06,3260.11,11.182,2026-07-07T05:00:00Z,65.073,2026-07-07T14:44:46Z,2026-07-07T19:44:00Z,down,213.49410131999997
74.073,3171.5,2786.44,3573.3,3138.34,11.218,2026-07-07T05:00:00Z,65.073,2026-07-07T14:56:49Z,2026-07-07T19:56:00Z,down,213.49410131999997
74.073,3295.86,2893.49,3669.72,3221.14,11.201,2026-07-07T05:00:00Z,65.073,2026-07-07T15:08:52Z,2026-07-07T20:08:00Z,down,213.49410131999997
74.073,3132.63,2748.3,3735.02,3275.44,11.213,2026-07-07T05:00:00Z,65.073,2026-07-07T15:20:55Z,2026-07-07T20:20:00Z,down,213.49410131999997
74.073,3245.72,2845.03,3615.98,3169.71,11.18,2026-07-07T05:00:00Z,65.073,2026-07-07T15:32:59Z,2026-07-07T20:32:00Z,down,213.49410131999997
74.073,3121.08,2734.89,3760.22,3295.3,11.203,2026-07-07T05:00:00Z,65.073,2026-07-07T15:45:01Z,2026-07-07T20:45:00Z,down,213.49410131999997
74.073,3138.25,2748.29,3818.92,3341.85,11.144,2026-07-07T05:00:00Z,65.073,2026-07-07T15:57:04Z,2026-07-07T20:57:00Z,down,213.49410131999997
74.073,3232.93,2826.85,3767.32,3293.03,11.085,2026-07-07T05:00:00Z,65.073,2026-07-07T16:09:06Z,2026-07-07T21:09:00Z,down,213.49410131999997
74.073,3236.74,2827.64,3716.83,3246.77,11.171,2026-07-07T05:00:00Z,65.073,2026-07-07T16:21:09Z,2026-07-07T21:21:00Z,down,213.49410131999997
74.073,3405.03,2969.79,3841.37,3347.97,11.09,2026-07-07T05:00:00Z,65.073,2026-07-07T16:33:13Z,2026-07-07T21:33:00Z,down,213.49410131999997
74.073,3370.67,2934.62,3886.27,3384.98,11.133,2026-07-07T05:00:00Z,65.073,2026-07-07T16:45:16Z,2026-07-07T21:45:00Z,down,213.49410131999997
74.073,3406.42,2964.28,3961.12,3444.67,11.172,2026-07-07T05:00:00Z,65.073,2026-07-07T16:57:19Z,2026-07-07T21:57:00Z,down,213.49410131999997
74.073,3415.5,2966.66,3961.49,3440.02,11.079,2026-07-07T05:00:00Z,65.073,2026-07-07T17:09:21Z,2026-07-07T22:09:00Z,down,213.49410131999997
74.073,3469.79,3009.87,3912.95,3396.77,11.134,2026-07-07T05:00:00Z,65.073,2026-07-07T17:21:25Z,2026-07-07T22:21:00Z,down,213.49410131999997
74.073,3391.61,2940.48,3909.52,3389.35,11.175,2026-07-07T05:00:00Z,65.073,2026-07-07T17:33:27Z,2026-07-07T22:33:00Z,down,213.49410131999997
74.073,3487.39,3018.16,3860.98,3341.23,11.083,2026-07-07T05:00:00Z,65.073,2026-07-07T17:45:30Z,2026-07-07T22:45:00Z,down,213.49410131999997
74.073,3380.95,2923.42,3808.81,3294.58,11.21,2026-07-07T05:00:00Z,65.073,2026-07-07T17:57:33Z,2026-07-07T22:57:00Z,down,213.49410131999997
74.073,3345.81,2889.61,3866.38,3340.14,11.168,2026-07-07T05:00:00Z,65.073,2026-07-07T18:09:35Z,2026-07-07T23:09:00Z,down,213.49410131999997
74.073,3354.59,2893.35,3588.09,3097.47,11.089,2026-07-07T05:00:00Z,65.073,2026-07-07T18:21:38Z,2026-07-07T23:21:00Z,down,213.49410131999997
74.073,3310.54,2855.9,3834.12,3310.2,11.221,2026-07-07T05:00:00Z,65.073,2026-07-07T18:33:41Z,2026-07-07T23:33:00Z,down,213.49410131999997
74.073,3321.51,2863.21,3740.66,3223.66,11.132,2026-07-07T05:00:00Z,65.073,2026-07-07T18:45:44Z,2026-07-07T23:45:00Z,down,213.49410131999997
74.073,3211.71,2764.35,3726.23,3208.13,11.067,2026-07-07T05:00:00Z,65.073,2026-07-07T18:57:46Z,2026-07-07T23:57:00Z,down,213.49410131999997
74.073,3337.79,2872.56,3733.18,3215.03,11.184,2026-07-07T05:00:00Z,65.073,2026-07-07T19:09:49Z,2026-07-08T00:09:00Z,down,213.49410131999997
74.073,3197.01,2749.47,3413.88,2936.22,11.129,2026-07-07T05:00:00Z,65.073,2026-07-07T19:21:52Z,2026-07-08T00:21:00Z,down,213.49410131999997
74.073,3271.77,2809.99,3700.95,3179.42,11.063,2026-07-07T05:00:00Z,65.073,2026-07-07T19:33:55Z,2026-07-08T00:33:00Z,down,213.49410131999997
74.073,3177.84,2725.65,3631.38,3119.89,11.128,2026-07-07T05:00:00Z,65.073,2026-07-07T19:45:58Z,2026-07-08T00:45:00Z,down,213.49410131999997
74.073,3116.88,2673.42,3499.46,3004.13,11.18,2026-07-07T05:00:00Z,65.073,2026-07-07T19:58:02Z,2026-07-08T00:58:00Z,down,213.49410131999997
74.073,2971.04,2545.99,3583.95,3073.29,11.078,2026-07-07T05:00:00Z,65.073,2026-07-07T20:10:05Z,2026-07-08T01:10:00Z,down,213.49410131999997
74.073,3281.69,2810.51,3868.1,3318.41,11.116,2026-07-07T05:00:00Z,65.073,2026-07-07T20:22:09Z,2026-07-08T01:22:00Z,down,213.49410131999997
74.073,3440.08,2949.7,3705.03,3178.34,11.209,2026-07-07T05:00:00Z,65.073,2026-07-07T20:34:13Z,2026-07-08T01:34:00Z,down,213.49410131999997
74.073,2986.81,2558.93,3486.68,2988.49,11.106,2026-07-07T05:00:00Z,65.073,2026-07-07T20:46:17Z,2026-07-08T01:46:00Z,down,213.49410131999997
74.073,3159.24,2703.81,3601.13,3086.52,11.101,2026-07-07T05:00:00Z,65.073,2026-07-07T20:58:21Z,2026-07-08T01:58:00Z,down,213.49410131999997
74.073,3268.51,2798.87,3764.28,3225.97,11.199,2026-07-07T05:00:00Z,65.073,2026-07-07T21:10:23Z,2026-07-08T02:10:00Z,down,213.49410131999997
74.073,3335.85,2855.12,3819.22,3270.28,11.122,2026-07-07T05:00:00Z,65.073,2026-07-07T21:22:26Z,2026-07-08T02:22:00Z,down,213.49410131999997
74.073,3340.68,2856.25,3805.35,3256.07,11.026,2026-07-07T05:00:00Z,65.073,2026-07-07T21:34:30Z,2026-07-08T02:34:00Z,down,213.49410131999997
74.073,3323.36,2842.67,3812.7,3265.81,11.153,2026-07-07T05:00:00Z,65.073,2026-07-07T21:46:32Z,2026-07-08T02:46:00Z,down,213.49410131999997
74.073,3282.47,2808.13,3727.71,3189.68,11.143,2026-07-07T05:00:00Z,65.073,2026-07-07T21:58:36Z,2026-07-08T02:58:00Z,down,213.49410131999997
74.073,3161.75,2702.68,3534.37,3022.69,11.045,2026-07-07T05:00:00Z,65.073,2026-07-07T22:10:39Z,2026-07-08T03:10:00Z,down,213.49410131999997
74.073,2989.14,2554.52,3417.36,2926.64,11.043,2026-07-07T05:00:00Z,65.073,2026-07-07T22:22:43Z,2026-07-08T03:22:00Z,down,213.49410131999997
74.073,3363.09,2878.43,3842.7,3293.06,11.177,2026-07-07T05:00:00Z,65.073,2026-07-07T22:34:46Z,2026-07-08T03:34:00Z,down,213.49410131999997
74.073,3114.24,2664.59,3569.79,3056.79,11.069,2026-07-07T05:00:00Z,65.073,2026-07-07T22:46:49Z,2026-07-08T03:46:00Z,down,213.49410131999997
74.073,3209.54,2744.88,3684.08,3155.24,11.04,2026-07-07T05:00:00Z,65.073,2026-07-07T22:58:51Z,2026-07-08T03:58:00Z,down,213.49410131999997
74.073,3260.56,2794.98,3709.26,3184.38,11.037,2026-07-08T05:00:00Z,65.073,2026-07-08T00:11:10Z,2026-07-08T05:11:00Z,down,213.49410131999997
74.073,3119.89,2676.84,3695.87,3174.62,11.158,2026-07-08T05:00:00Z,65.073,2026-07-08T00:23:14Z,2026-07-08T05:23:00Z,down,213.49410131999997
74.073,3279.25,2813.6,3735.31,3208.28,11.054,2026-07-08T05:00:00Z,65.073,2026-07-08T00:35:16Z,2026-07-08T05:35:00Z,down,213.49410131999997
74.073,3263.64,2801.67,3820.4,3281.76,10.97,2026-07-08T05:00:00Z,65.073,2026-07-08T00:47:19Z,2026-07-08T05:47:00Z,down,213.49410131999997
74.073,3245.73,2788.82,3817.91,3284.36,11.116,2026-07-08T05:00:00Z,65.073,2026-07-08T00:59:21Z,2026-07-08T05:59:00Z,down,213.49410131999997
74.073,3436.42,2955.95,3727.1,3208.07,11.097,2026-07-08T05:00:00Z,65.073,2026-07-08T01:11:24Z,2026-07-08T06:11:00Z,down,213.49410131999997
74.073,3467.27,2982.96,3953.88,3402.89,11.036,2026-07-08T05:00:00Z,65.073,2026-07-08T01:23:27Z,2026-07-08T06:23:00Z,down,213.49410131999997
74.073,3218.92,2770.93,4001.5,3449.44,11.025,2026-07-08T05:00:00Z,65.073,2026-07-08T01:35:31Z,2026-07-08T06:35:00Z,down,213.49410131999997
74.073,3333.57,2873.93,3819.86,3296.73,11.138,2026-07-08T05:00:00Z,65.073,2026-07-08T01:47:34Z,2026-07-08T06:47:00Z,down,213.49410131999997
74.073,3461.5,2983.93,3749.77,3234.39,11.03,2026-07-08T05:00:00Z,65.073,2026-07-08T01:59:37Z,2026-07-08T06:59:00Z,down,213.49410131999997
74.073,3503,3020.29,3989.42,3442.67,10.966,2026-07-08T05:00:00Z,65.073,2026-07-08T02:11:40Z,2026-07-08T07:11:00Z,down,213.49410131999997
74.073,3439.61,2967.26,4029.05,3479.57,10.973,2026-07-08T05:00:00Z,65.073,2026-07-08T02:23:43Z,2026-07-08T07:23:00Z,down,213.49410131999997
74.073,3426.85,2961.47,3983.48,3446.57,11.116,2026-07-08T05:00:00Z,65.073,2026-07-08T02:35:47Z,2026-07-08T07:35:00Z,down,213.49410131999997
74.073,3441.93,2978.28,4013.07,3478.03,11.182,2026-07-08T05:00:00Z,65.073,2026-07-08T02:47:50Z,2026-07-08T07:47:00Z,down,213.49410131999997
74.073,3368.6,2917.8,4032.42,3496.45,11.247,2026-07-08T05:00:00Z,65.073,2026-07-08T02:59:54Z,2026-07-08T07:59:00Z,down,213.49410131999997
74.073,3368.91,2920.63,3887.12,3372.79,11.256,2026-07-08T05:00:00Z,65.073,2026-07-08T03:11:57Z,2026-07-08T08:11:00Z,down,213.49410131999997
74.073,3489.92,3027.73,3920.08,3402.88,11.288,2026-07-08T05:00:00Z,65.073,2026-07-08T03:23:59Z,2026-07-08T08:23:00Z,down,213.49410131999997
74.073,3400.72,2951.09,3834.71,3330.33,11.283,2026-07-08T05:00:00Z,65.073,2026-07-08T03:36:02Z,2026-07-08T08:36:00Z,down,213.49410131999997
74.073,3552.73,3084.6,3877.79,3369.96,11.277,2026-07-08T05:00:00Z,65.073,2026-07-08T03:48:06Z,2026-07-08T08:48:00Z,down,213.49410131999997
74.073,3288.37,2856.51,3943.12,3428.36,11.267,2026-07-08T05:00:00Z,65.073,2026-07-08T04:00:09Z,2026-07-08T09:00:00Z,down,213.49410131999997
74.073,3413.04,2966.82,4117.8,3581.81,11.281,2026-07-08T05:00:00Z,65.073,2026-07-08T04:12:12Z,2026-07-08T09:12:00Z,down,213.49410131999997
74.073,3319.8,2886.27,3728.66,3243.48,11.275,2026-07-08T05:00:00Z,65.073,2026-07-08T04:24:14Z,2026-07-08T09:24:00Z,down,213.49410131999997
74.073,3283.62,2856.38,3866.07,3365.14,11.277,2026-07-08T05:00:00Z,65.073,2026-07-08T04:36:17Z,2026-07-08T09:36:00Z,down,213.49410131999997
74.073,3426.68,2982.64,3907.68,3404.68,11.305,2026-07-08T05:00:00Z,65.073,2026-07-08T04:48:21Z,2026-07-08T09:48:00Z,down,213.49410131999997
74.073,3335.8,2905.19,3857.15,3360.05,11.313,2026-07-08T05:00:00Z,65.073,2026-07-08T05:00:24Z,2026-07-08T10:00:00Z,down,213.49410131999997
74.073,3201.27,2787.61,3823.9,3331.8,11.301,2026-07-08T05:00:00Z,65.073,2026-07-08T05:12:27Z,2026-07-08T10:12:00Z,down,213.49410131999997
74.073,3308.52,2882.64,3940.82,3434.58,11.295,2026-07-08T05:00:00Z,65.073,2026-07-08T05:24:31Z,2026-07-08T10:24:00Z,down,213.49410131999997
74.073,3414.01,2975.29,3749.17,3268.81,11.311,2026-07-08T05:00:00Z,65.073,2026-07-08T05:36:33Z,2026-07-08T10:36:00Z,down,213.49410131999997
74.073,3277.82,2857.51,3755.91,3275.94,11.304,2026-07-08T05:00:00Z,65.073,2026-07-08T05:48:37Z,2026-07-08T10:48:00Z,down,213.49410131999997
74.073,3346.21,2917.44,3810.43,3324.64,11.321,2026-07-08T05:00:00Z,65.073,2026-07-08T06:00:41Z,2026-07-08T11:00:00Z,down,213.49410131999997
74.073,3263.97,2846.74,3792.04,3309.57,11.328,2026-07-08T05:00:00Z,65.073,2026-07-08T06:12:44Z,2026-07-08T11:12:00Z,down,213.49410131999997
74.073,3232.64,2819.91,3748.99,3272.07,11.314,2026-07-08T05:00:00Z,65.073,2026-07-08T06:24:48Z,2026-07-08T11:24:00Z,down,213.49410131999997
74.073,3255.02,2840.46,3876.69,3385.31,11.33,2026-07-08T05:00:00Z,65.073,2026-07-08T06:36:51Z,2026-07-08T11:36:00Z,down,213.49410131999997
74.073,3405.05,2973.41,3861.42,3371.46,11.357,2026-07-08T05:00:00Z,65.073,2026-07-08T06:48:55Z,2026-07-08T11:48:00Z,down,213.49410131999997
74.073,3379.31,2949.9,3886.77,3395.61,11.338,2026-07-08T05:00:00Z,65.073,2026-07-08T07:00:58Z,2026-07-08T12:00:00Z,down,213.49410131999997
74.073,3258.24,2844.98,3746.44,3272.14,11.338,2026-07-08T05:00:00Z,65.073,2026-07-08T07:13:01Z,2026-07-08T12:13:00Z,down,213.49410131999997
74.073,3223.94,2814.42,3797.22,3316.2,11.338,2026-07-08T05:00:00Z,65.073,2026-07-08T07:25:04Z,2026-07-08T12:25:00Z,down,213.49410131999997
74.073,3285.95,2869,3815.9,3333.35,11.327,2026-07-08T05:00:00Z,65.073,2026-07-08T07:37:06Z,2026-07-08T12:37:00Z,down,213.49410131999997
74.073,3285.19,2868.68,3813.88,3331.63,11.335,2026-07-08T05:00:00Z,65.073,2026-07-08T07:49:09Z,2026-07-08T12:49:00Z,down,213.49410131999997
74.073,3301.11,2883.06,3822.57,3340.28,11.343,2026-07-08T05:00:00Z,65.073,2026-07-08T08:01:13Z,2026-07-08T13:01:00Z,down,213.49410131999997
74.073,3284.51,2868.65,3759.62,3285.56,11.339,2026-07-08T05:00:00Z,65.073,2026-07-08T08:13:16Z,2026-07-08T13:13:00Z,down,213.49410131999997
74.073,3214.79,2808.22,3664.16,3201.81,11.34,2026-07-08T05:00:00Z,65.073,2026-07-08T08:25:19Z,2026-07-08T13:25:00Z,down,213.49410131999997
74.073,3151.51,2753.01,3529.22,3084,11.316,2026-07-08T05:00:00Z,65.073,2026-07-08T08:37:22Z,2026-07-08T13:37:00Z,down,213.49410131999997
74.073,3075.96,2688.58,3550.82,3104.31,11.328,2026-07-08T05:00:00Z,65.073,2026-07-08T08:49:25Z,2026-07-08T13:49:00Z,down,213.49410131999997
74.073,3148.44,2752.09,3602.64,3149.36,11.322,2026-07-08T05:00:00Z,65.073,2026-07-08T09:01:29Z,2026-07-08T14:01:00Z,down,213.49410131999997
74.073,3108.86,2717.13,3657.06,3197.23,11.322,2026-07-08T05:00:00Z,65.073,2026-07-08T09:13:32Z,2026-07-08T14:13:00Z,down,213.49410131999997
74.073,3216.19,2810.52,3735.19,3265.43,11.324,2026-07-08T05:00:00Z,65.073,2026-07-08T09:25:35Z,2026-07-08T14:25:00Z,down,213.49410131999997
74.073,3299.67,2883.59,3731.29,3262.8,11.339,2026-07-08T05:00:00Z,65.073,2026-07-08T09:37:38Z,2026-07-08T14:37:00Z,down,213.49410131999997
74.073,3309.68,2893.31,3769.62,3296.12,11.322,2026-07-08T05:00:00Z,65.073,2026-07-08T09:49:42Z,2026-07-08T14:49:00Z,down,213.49410131999997
74.073,3308.06,2891.41,3863.41,3378.68,11.329,2026-07-08T05:00:00Z,65.073,2026-07-08T10:01:45Z,2026-07-08T15:01:00Z,down,213.49410131999997
74.073,3450.72,3016.48,4004.88,3502.76,11.342,2026-07-08T05:00:00Z,65.073,2026-07-08T10:13:49Z,2026-07-08T15:13:00Z,down,213.49410131999997
74.073,3475.49,3039.14,3974.6,3475.92,11.334,2026-07-08T05:00:00Z,65.073,2026-07-08T10:25:52Z,2026-07-08T15:25:00Z,down,213.49410131999997
74.073,3422.07,2992.03,3894.24,3405.67,11.325,2026-07-08T05:00:00Z,65.073,2026-07-08T10:37:54Z,2026-07-08T15:37:00Z,down,213.49410131999997
74.073,3381.08,2956.85,3843.44,3361.58,11.334,2026-07-08T05:00:00Z,65.073,2026-07-08T10:49:58Z,2026-07-08T15:49:00Z,down,213.49410131999997
74.073,3356.33,2935.75,3815.74,3337.48,11.331,2026-07-08T05:00:00Z,65.073,2026-07-08T11:02:01Z,2026-07-08T16:02:00Z,down,213.49410131999997
74.073,3339.06,2919.65,3805.26,3328.27,11.319,2026-07-08T05:00:00Z,65.073,2026-07-08T11:14:04Z,2026-07-08T16:14:00Z,down,213.49410131999997
74.073,3347.97,2927.85,3836.06,3355.29,11.328,2026-07-08T05:00:00Z,65.073,2026-07-08T11:26:07Z,2026-07-08T16:26:00Z,down,213.49410131999997
74.073,3375.2,2951.22,3870.84,3385.73,11.325,2026-07-08T05:00:00Z,65.073,2026-07-08T11:38:10Z,2026-07-08T16:38:00Z,down,213.49410131999997
74.073,3389.03,2963.65,3854.23,3371.49,11.331,2026-07-08T05:00:00Z,65.073,2026-07-08T11:50:14Z,2026-07-08T16:50:00Z,down,213.49410131999997
74.073,3349.74,2927.35,3784.47,3308.66,11.24,2026-07-08T05:00:00Z,65.073,2026-07-08T12:02:16Z,2026-07-08T17:02:00Z,down,213.49410131999997
74.073,3280.64,2867.98,3692.26,3227.95,11.277,2026-07-08T05:00:00Z,65.073,2026-07-08T12:14:19Z,2026-07-08T17:14:00Z,down,213.49410131999997
74.073,3171.16,2771.25,3597.33,3143.09,11.158,2026-07-08T05:00:00Z,65.073,2026-07-08T12:26:23Z,2026-07-08T17:26:00Z,down,213.49410131999997
74.073,3142.57,2745.1,3685.91,3222.73,11.163,2026-07-08T05:00:00Z,65.073,2026-07-08T12:38:26Z,2026-07-08T17:38:00Z,down,213.49410131999997
74.073,3125.89,2734.06,3596.12,3146.23,11.278,2026-07-08T05:00:00Z,65.073,2026-07-08T12:50:29Z,2026-07-08T17:50:00Z,down,213.49410131999997
74.073,3096.6,2708.67,3814.65,3336.18,11.194,2026-07-08T05:00:00Z,65.073,2026-07-08T13:02:32Z,2026-07-08T18:02:00Z,down,213.49410131999997
74.073,3375.53,2951.9,3722.11,3253.56,11.086,2026-07-08T05:00:00Z,65.073,2026-07-08T13:14:35Z,2026-07-08T18:14:00Z,down,213.49410131999997
74.073,3147.01,2753.37,3619.11,3167.65,11.224,2026-07-08T05:00:00Z,65.073,2026-07-08T13:26:37Z,2026-07-08T18:26:00Z,down,213.49410131999997
74.073,3166.44,2771.47,3778.58,3305.11,11.15,2026-07-08T05:00:00Z,65.073,2026-07-08T13:38:40Z,2026-07-08T18:38:00Z,down,213.49410131999997
74.073,3132.24,2739.94,3586.94,3136.86,11.034,2026-07-08T05:00:00Z,65.073,2026-07-08T13:50:42Z,2026-07-08T18:50:00Z,down,213.49410131999997
74.073,3064.68,2680.47,3589.75,3137.58,10.99,2026-07-08T05:00:00Z,65.073,2026-07-08T14:02:46Z,2026-07-08T19:02:00Z,down,213.49410131999997
74.073,3173.54,2775.68,3641.47,3187.24,11.092,2026-07-08T05:00:00Z,65.073,2026-07-08T14:14:49Z,2026-07-08T19:14:00Z,down,213.49410131999997
74.073,3094.22,2709.13,3552.51,3107.45,11.16,2026-07-08T05:00:00Z,65.073,2026-07-08T14:26:52Z,2026-07-08T19:26:00Z,down,213.49410131999997
74.073,3301.78,2886.28,3651.31,3191.39,11.047,2026-07-08T05:00:00Z,65.073,2026-07-08T14:38:55Z,2026-07-08T19:38:00Z,down,213.49410131999997
74.073,3112.75,2719.79,3571.4,3119.81,10.985,2026-07-08T05:00:00Z,65.073,2026-07-08T14:50:58Z,2026-07-08T19:50:00Z,down,213.49410131999997
74.073,3123.46,2729.04,3673.61,3211.69,11.104,2026-07-08T05:00:00Z,65.073,2026-07-08T15:03:01Z,2026-07-08T20:03:00Z,down,213.49410131999997
74.073,3395.3,2969.05,3997.2,3495.86,11.245,2026-07-08T05:00:00Z,65.073,2026-07-08T15:15:04Z,2026-07-08T20:15:00Z,down,213.49410131999997
74.073,3364.06,2942.71,3834.33,3353.4,11.308,2026-07-08T05:00:00Z,65.073,2026-07-08T15:27:08Z,2026-07-08T20:27:00Z,down,213.49410131999997
74.073,3307.07,2892.46,3798.73,3323.89,11.318,2026-07-08T05:00:00Z,65.073,2026-07-08T15:39:10Z,2026-07-08T20:39:00Z,down,213.49410131999997
74.073,3251.82,2845.09,3766.07,3295.29,11.325,2026-07-08T05:00:00Z,65.073,2026-07-08T15:51:14Z,2026-07-08T20:51:00Z,down,213.49410131999997
74.073,3218.01,2814.32,3690.63,3228.65,11.318,2026-07-08T05:00:00Z,65.073,2026-07-08T16:03:16Z,2026-07-08T21:03:00Z,down,213.49410131999997
74.073,3130.59,2738.05,3588.17,3138.58,11.33,2026-07-08T05:00:00Z,65.073,2026-07-08T16:15:19Z,2026-07-08T21:15:00Z,down,213.49410131999997
74.073,3120.65,2728.72,3763.25,3291.03,11.341,2026-07-08T05:00:00Z,65.073,2026-07-08T16:27:22Z,2026-07-08T21:27:00Z,down,213.49410131999997
74.073,3292.27,2878.07,3692.14,3227.59,11.337,2026-07-08T05:00:00Z,65.073,2026-07-08T16:39:25Z,2026-07-08T21:39:00Z,down,213.49410131999997
74.073,3252.39,2842.32,3719.7,3250.9,11.358,2026-07-08T05:00:00Z,65.073,2026-07-08T16:51:28Z,2026-07-08T21:51:00Z,down,213.49410131999997
74.073,3342.62,2919.58,3707.34,3238.92,11.378,2026-07-08T05:00:00Z,65.073,2026-07-08T17:03:30Z,2026-07-08T22:03:00Z,down,213.49410131999997
74.073,3192.08,2786.35,3779.28,3299.48,11.367,2026-07-08T05:00:00Z,65.073,2026-07-08T17:15:34Z,2026-07-08T22:15:00Z,down,213.49410131999997
74.073,3244.6,2830.27,3770.42,3288.11,11.329,2026-07-08T05:00:00Z,65.073,2026-07-08T17:27:38Z,2026-07-08T22:27:00Z,down,213.49410131999997
74.073,3352.68,2921.06,3923.72,3418.88,11.194,2026-07-08T05:00:00Z,65.073,2026-07-08T17:39:40Z,2026-07-08T22:39:00Z,down,213.49410131999997
74.073,3345.49,2914.09,3642.46,3174.9,11.234,2026-07-08T05:00:00Z,65.073,2026-07-08T17:51:44Z,2026-07-08T22:51:00Z,down,213.49410131999997
74.073,3268.18,2847.92,3648.48,3178.52,11.245,2026-07-08T05:00:00Z,65.073,2026-07-08T18:03:47Z,2026-07-08T23:03:00Z,down,213.49410131999997
74.073,3282.8,2857.23,3737.59,3253.54,11.147,2026-07-08T05:00:00Z,65.073,2026-07-08T18:15:50Z,2026-07-08T23:15:00Z,down,213.49410131999997
74.073,3345.9,2909.92,3811.3,3318.21,11.146,2026-07-08T05:00:00Z,65.073,2026-07-08T18:27:54Z,2026-07-08T23:27:00Z,down,213.49410131999997
74.073,3372.76,2935.64,3803.23,3311.37,11.256,2026-07-08T05:00:00Z,65.073,2026-07-08T18:39:57Z,2026-07-08T23:39:00Z,down,213.49410131999997
74.073,3335.96,2901.53,3740.5,3253.47,11.139,2026-07-08T05:00:00Z,65.073,2026-07-08T18:52:01Z,2026-07-08T23:52:00Z,down,213.49410131999997
74.073,3258.58,2832.66,3647.88,3174.21,11.117,2026-07-08T05:00:00Z,65.073,2026-07-08T19:04:04Z,2026-07-09T00:04:00Z,down,213.49410131999997
74.073,3168.41,2756.63,3890.18,3385.22,11.162,2026-07-08T05:00:00Z,65.073,2026-07-08T19:16:06Z,2026-07-09T00:16:00Z,down,213.49410131999997
74.073,3366.77,2928.38,3710.14,3227.27,11.077,2026-07-08T05:00:00Z,65.073,2026-07-08T19:28:10Z,2026-07-09T00:28:00Z,down,213.49410131999997
74.073,3341.15,2904.93,3769.97,3279.81,11.021,2026-07-08T05:00:00Z,65.073,2026-07-08T19:40:14Z,2026-07-09T00:40:00Z,down,213.49410131999997
74.073,3360.88,2926.5,3880.95,3382.42,11.206,2026-07-08T05:00:00Z,65.073,2026-07-08T19:52:17Z,2026-07-09T00:52:00Z,down,213.49410131999997
74.073,3274.77,2854.47,3819.05,3333.26,11.299,2026-07-08T05:00:00Z,65.073,2026-07-08T20:04:20Z,2026-07-09T01:04:00Z,down,213.49410131999997
74.073,3317.16,2894.28,3781.17,3300.4,11.321,2026-07-08T05:00:00Z,65.073,2026-07-08T20:16:23Z,2026-07-09T01:16:00Z,down,213.49410131999997
74.073,3392.68,2961.08,3842.88,3353.76,11.31,2026-07-08T05:00:00Z,65.073,2026-07-08T20:28:26Z,2026-07-09T01:28:00Z,down,213.49410131999997
74.073,3243.14,2829.23,3828.79,3341.35,11.177,2026-07-08T05:00:00Z,65.073,2026-07-08T20:40:29Z,2026-07-09T01:40:00Z,down,213.49410131999997
74.073,3287.09,2866.52,3793.1,3308.76,11.061,2026-07-08T05:00:00Z,65.073,2026-07-08T20:52:33Z,2026-07-09T01:52:00Z,down,213.49410131999997
74.073,3290.09,2868.57,3838.02,3346.16,11.019,2026-07-08T05:00:00Z,65.073,2026-07-08T21:04:35Z,2026-07-09T02:04:00Z,down,213.49410131999997
74.073,3214.96,2802.88,3817.91,3328.64,11.007,2026-07-08T05:00:00Z,65.073,2026-07-08T21:16:38Z,2026-07-09T02:16:00Z,down,213.49410131999997
74.073,3297.33,2874.33,3595.31,3136.88,11.085,2026-07-08T05:00:00Z,65.073,2026-07-08T21:28:41Z,2026-07-09T02:28:00Z,down,213.49410131999997
74.073,3194.05,2786.82,3762.11,3283.65,11.204,2026-07-08T05:00:00Z,65.073,2026-07-08T21:40:44Z,2026-07-09T02:40:00Z,down,213.49410131999997
74.073,3275.58,2858.56,3844.65,3356.38,11.303,2026-07-08T05:00:00Z,65.073,2026-07-08T21:52:48Z,2026-07-09T02:52:00Z,down,213.49410131999997
74.073,3222.48,2811.79,3760.73,3281.76,11.335,2026-07-08T05:00:00Z,65.073,2026-07-08T22:04:51Z,2026-07-09T03:04:00Z,down,213.49410131999997
74.073,3285.03,2863.5,3687.59,3216.74,11.321,2026-07-08T05:00:00Z,65.073,2026-07-08T22:16:54Z,2026-07-09T03:16:00Z,down,213.49410131999997
74.073,3337.17,2909.16,3920.03,3418.19,11.303,2026-07-08T05:00:00Z,65.073,2026-07-08T22:28:57Z,2026-07-09T03:28:00Z,down,213.49410131999997
74.073,3375.71,2940.94,3662.54,3189.37,11.192,2026-07-08T05:00:00Z,65.073,2026-07-08T22:41:00Z,2026-07-09T03:41:00Z,down,213.49410131999997
74.073,3252.44,2829.78,3671.2,3194.48,11.075,2026-07-08T05:00:00Z,65.073,2026-07-08T22:53:03Z,2026-07-09T03:53:00Z,down,213.49410131999997
